industry,period,year,month,uom,measure_value,geo,measure,measure_yoy_change_percent
Convenience retailers and vending machine operators [44513],2017-01-01,2017,1,Dollars,670.0,Canada,Retail sales at 2017 constant prices (Unchained Laspeyres Index),
Convenience retailers and vending machine operators [44513],2017-02-01,2017,2,Dollars,676.0,Canada,Retail sales at 2017 constant prices (Unchained Laspeyres Index),
Convenience retailers and vending machine operators [44513],2017-03-01,2017,3,Dollars,658.0,Canada,Retail sales at 2017 constant prices (Unchained Laspeyres Index),
Convenience retailers and vending machine operators [44513],2017-04-01,2017,4,Dollars,660.0,Canada,Retail sales at 2017 constant prices (Unchained Laspeyres Index),
Convenience retailers and vending machine operators [44513],2017-05-01,2017,5,Dollars,653.0,Canada,Retail sales at 2017 constant prices (Unchained Laspeyres Index),
Convenience retailers and vending machine operators [44513],2017-06-01,2017,6,Dollars,656.0,Canada,Retail sales at 2017 constant prices (Unchained Laspeyres Index),
Convenience retailers and vending machine operators [44513],2017-07-01,2017,7,Dollars,656.0,Canada,Retail sales at 2017 constant prices (Unchained Laspeyres Index),
Convenience retailers and vending machine operators [44513],2017-08-01,2017,8,Dollars,647.0,Canada,Retail sales at 2017 constant prices (Unchained Laspeyres Index),
Convenience retailers and vending machine operators [44513],2017-09-01,2017,9,Dollars,668.0,Canada,Retail sales at 2017 constant prices (Unchained Laspeyres Index),
Convenience retailers and vending machine operators [44513],2017-10-01,2017,10,Dollars,676.0,Canada,Retail sales at 2017 constant prices (Unchained Laspeyres Index),
Convenience retailers and vending machine operators [44513],2017-11-01,2017,11,Dollars,667.0,Canada,Retail sales at 2017 constant prices (Unchained Laspeyres Index),
Convenience retailers and vending machine operators [44513],2017-12-01,2017,12,Dollars,651.0,Canada,Retail sales at 2017 constant prices (Unchained Laspeyres Index),
Convenience retailers and vending machine operators [44513],2018-01-01,2018,1,Dollars,651.0,Canada,Retail sales at 2017 constant prices (Unchained Laspeyres Index),-2.8358208955223896
Convenience retailers and vending machine operators [44513],2018-02-01,2018,2,Dollars,656.0,Canada,Retail sales at 2017 constant prices (Unchained Laspeyres Index),-2.9585798816568087
Convenience retailers and vending machine operators [44513],2018-03-01,2018,3,Dollars,659.0,Canada,Retail sales at 2017 constant prices (Unchained Laspeyres Index),0.1519756838905817
Convenience retailers and vending machine operators [44513],2018-04-01,2018,4,Dollars,649.0,Canada,Retail sales at 2017 constant prices (Unchained Laspeyres Index),-1.6666666666666718
Convenience retailers and vending machine operators [44513],2018-05-01,2018,5,Dollars,675.0,Canada,Retail sales at 2017 constant prices (Unchained Laspeyres Index),3.369065849923425
Convenience retailers and vending machine operators [44513],2018-06-01,2018,6,Dollars,667.0,Canada,Retail sales at 2017 constant prices (Unchained Laspeyres Index),1.67682926829269
Convenience retailers and vending machine operators [44513],2018-07-01,2018,7,Dollars,698.0,Canada,Retail sales at 2017 constant prices (Unchained Laspeyres Index),6.4024390243902385
Convenience retailers and vending machine operators [44513],2018-08-01,2018,8,Dollars,672.0,Canada,Retail sales at 2017 constant prices (Unchained Laspeyres Index),3.863987635239563
Convenience retailers and vending machine operators [44513],2018-09-01,2018,9,Dollars,666.0,Canada,Retail sales at 2017 constant prices (Unchained Laspeyres Index),-0.29940119760478723
Convenience retailers and vending machine operators [44513],2018-10-01,2018,10,Dollars,671.0,Canada,Retail sales at 2017 constant prices (Unchained Laspeyres Index),-0.7396449704141994
Convenience retailers and vending machine operators [44513],2018-11-01,2018,11,Dollars,669.0,Canada,Retail sales at 2017 constant prices (Unchained Laspeyres Index),0.2998500749625155
Convenience retailers and vending machine operators [44513],2018-12-01,2018,12,Dollars,653.0,Canada,Retail sales at 2017 constant prices (Unchained Laspeyres Index),0.3072196620583778
Convenience retailers and vending machine operators [44513],2019-01-01,2019,1,Dollars,623.0,Canada,Retail sales at 2017 constant prices (Unchained Laspeyres Index),-4.3010752688172005
Convenience retailers and vending machine operators [44513],2019-02-01,2019,2,Dollars,628.0,Canada,Retail sales at 2017 constant prices (Unchained Laspeyres Index),-4.268292682926833
Convenience retailers and vending machine operators [44513],2019-03-01,2019,3,Dollars,626.0,Canada,Retail sales at 2017 constant prices (Unchained Laspeyres Index),-5.00758725341427
Convenience retailers and vending machine operators [44513],2019-04-01,2019,4,Dollars,609.0,Canada,Retail sales at 2017 constant prices (Unchained Laspeyres Index),-6.1633281972265035
Convenience retailers and vending machine operators [44513],2019-05-01,2019,5,Dollars,605.0,Canada,Retail sales at 2017 constant prices (Unchained Laspeyres Index),-10.370370370370374
Convenience retailers and vending machine operators [44513],2019-06-01,2019,6,Dollars,606.0,Canada,Retail sales at 2017 constant prices (Unchained Laspeyres Index),-9.145427286356822
Convenience retailers and vending machine operators [44513],2019-07-01,2019,7,Dollars,600.0,Canada,Retail sales at 2017 constant prices (Unchained Laspeyres Index),-14.04011461318052
Convenience retailers and vending machine operators [44513],2019-08-01,2019,8,Dollars,606.0,Canada,Retail sales at 2017 constant prices (Unchained Laspeyres Index),-9.82142857142857
Convenience retailers and vending machine operators [44513],2019-09-01,2019,9,Dollars,602.0,Canada,Retail sales at 2017 constant prices (Unchained Laspeyres Index),-9.609609609609615
Convenience retailers and vending machine operators [44513],2019-10-01,2019,10,Dollars,596.0,Canada,Retail sales at 2017 constant prices (Unchained Laspeyres Index),-11.177347242921009
Convenience retailers and vending machine operators [44513],2019-11-01,2019,11,Dollars,605.0,Canada,Retail sales at 2017 constant prices (Unchained Laspeyres Index),-9.566517189835578
Convenience retailers and vending machine operators [44513],2019-12-01,2019,12,Dollars,618.0,Canada,Retail sales at 2017 constant prices (Unchained Laspeyres Index),-5.359877488514552
Convenience retailers and vending machine operators [44513],2020-01-01,2020,1,Dollars,603.0,Canada,Retail sales at 2017 constant prices (Unchained Laspeyres Index),-3.21027287319422
Convenience retailers and vending machine operators [44513],2020-02-01,2020,2,Dollars,604.0,Canada,Retail sales at 2017 constant prices (Unchained Laspeyres Index),-3.821656050955413
Convenience retailers and vending machine operators [44513],2020-03-01,2020,3,Dollars,612.0,Canada,Retail sales at 2017 constant prices (Unchained Laspeyres Index),-2.2364217252396124
Convenience retailers and vending machine operators [44513],2020-04-01,2020,4,Dollars,642.0,Canada,Retail sales at 2017 constant prices (Unchained Laspeyres Index),5.418719211822665
Convenience retailers and vending machine operators [44513],2020-05-01,2020,5,Dollars,704.0,Canada,Retail sales at 2017 constant prices (Unchained Laspeyres Index),16.36363636363636
Convenience retailers and vending machine operators [44513],2020-06-01,2020,6,Dollars,647.0,Canada,Retail sales at 2017 constant prices (Unchained Laspeyres Index),6.765676567656764
Convenience retailers and vending machine operators [44513],2020-07-01,2020,7,Dollars,641.0,Canada,Retail sales at 2017 constant prices (Unchained Laspeyres Index),6.833333333333336
Convenience retailers and vending machine operators [44513],2020-08-01,2020,8,Dollars,631.0,Canada,Retail sales at 2017 constant prices (Unchained Laspeyres Index),4.1254125412541365
Convenience retailers and vending machine operators [44513],2020-09-01,2020,9,Dollars,634.0,Canada,Retail sales at 2017 constant prices (Unchained Laspeyres Index),5.31561461794019
Convenience retailers and vending machine operators [44513],2020-10-01,2020,10,Dollars,632.0,Canada,Retail sales at 2017 constant prices (Unchained Laspeyres Index),6.040268456375841
Convenience retailers and vending machine operators [44513],2020-11-01,2020,11,Dollars,664.0,Canada,Retail sales at 2017 constant prices (Unchained Laspeyres Index),9.752066115702473
Convenience retailers and vending machine operators [44513],2020-12-01,2020,12,Dollars,661.0,Canada,Retail sales at 2017 constant prices (Unchained Laspeyres Index),6.957928802588986
Convenience retailers and vending machine operators [44513],2021-01-01,2021,1,Dollars,672.0,Canada,Retail sales at 2017 constant prices (Unchained Laspeyres Index),11.442786069651746
Convenience retailers and vending machine operators [44513],2021-02-01,2021,2,Dollars,659.0,Canada,Retail sales at 2017 constant prices (Unchained Laspeyres Index),9.10596026490067
Convenience retailers and vending machine operators [44513],2021-03-01,2021,3,Dollars,662.0,Canada,Retail sales at 2017 constant prices (Unchained Laspeyres Index),8.169934640522868
Convenience retailers and vending machine operators [44513],2021-04-01,2021,4,Dollars,657.0,Canada,Retail sales at 2017 constant prices (Unchained Laspeyres Index),2.336448598130847
Convenience retailers and vending machine operators [44513],2021-05-01,2021,5,Dollars,639.0,Canada,Retail sales at 2017 constant prices (Unchained Laspeyres Index),-9.232954545454541
Convenience retailers and vending machine operators [44513],2021-06-01,2021,6,Dollars,652.0,Canada,Retail sales at 2017 constant prices (Unchained Laspeyres Index),0.7727975270479082
Convenience retailers and vending machine operators [44513],2021-07-01,2021,7,Dollars,594.0,Canada,Retail sales at 2017 constant prices (Unchained Laspeyres Index),-7.332293291731673
Convenience retailers and vending machine operators [44513],2021-08-01,2021,8,Dollars,626.0,Canada,Retail sales at 2017 constant prices (Unchained Laspeyres Index),-0.7923930269413626
Convenience retailers and vending machine operators [44513],2021-09-01,2021,9,Dollars,632.0,Canada,Retail sales at 2017 constant prices (Unchained Laspeyres Index),-0.3154574132492094
Convenience retailers and vending machine operators [44513],2021-10-01,2021,10,Dollars,622.0,Canada,Retail sales at 2017 constant prices (Unchained Laspeyres Index),-1.5822784810126556
Convenience retailers and vending machine operators [44513],2021-11-01,2021,11,Dollars,615.0,Canada,Retail sales at 2017 constant prices (Unchained Laspeyres Index),-7.37951807228916
Convenience retailers and vending machine operators [44513],2021-12-01,2021,12,Dollars,602.0,Canada,Retail sales at 2017 constant prices (Unchained Laspeyres Index),-8.925869894099847
Convenience retailers and vending machine operators [44513],2022-01-01,2022,1,Dollars,624.0,Canada,Retail sales at 2017 constant prices (Unchained Laspeyres Index),-7.14285714285714
Convenience retailers and vending machine operators [44513],2022-02-01,2022,2,Dollars,609.0,Canada,Retail sales at 2017 constant prices (Unchained Laspeyres Index),-7.587253414264039
Convenience retailers and vending machine operators [44513],2022-03-01,2022,3,Dollars,596.0,Canada,Retail sales at 2017 constant prices (Unchained Laspeyres Index),-9.969788519637458
Convenience retailers and vending machine operators [44513],2022-04-01,2022,4,Dollars,585.0,Canada,Retail sales at 2017 constant prices (Unchained Laspeyres Index),-10.95890410958904
Convenience retailers and vending machine operators [44513],2022-05-01,2022,5,Dollars,602.0,Canada,Retail sales at 2017 constant prices (Unchained Laspeyres Index),-5.790297339593109
Convenience retailers and vending machine operators [44513],2022-06-01,2022,6,Dollars,593.0,Canada,Retail sales at 2017 constant prices (Unchained Laspeyres Index),-9.04907975460123
Convenience retailers and vending machine operators [44513],2022-07-01,2022,7,Dollars,565.0,Canada,Retail sales at 2017 constant prices (Unchained Laspeyres Index),-4.882154882154888
Convenience retailers and vending machine operators [44513],2022-08-01,2022,8,Dollars,575.0,Canada,Retail sales at 2017 constant prices (Unchained Laspeyres Index),-8.146964856230031
Convenience retailers and vending machine operators [44513],2022-09-01,2022,9,Dollars,565.0,Canada,Retail sales at 2017 constant prices (Unchained Laspeyres Index),-10.60126582278481
Convenience retailers and vending machine operators [44513],2022-10-01,2022,10,Dollars,569.0,Canada,Retail sales at 2017 constant prices (Unchained Laspeyres Index),-8.520900321543412
Convenience retailers and vending machine operators [44513],2022-11-01,2022,11,Dollars,561.0,Canada,Retail sales at 2017 constant prices (Unchained Laspeyres Index),-8.780487804878046
Convenience retailers and vending machine operators [44513],2022-12-01,2022,12,Dollars,530.0,Canada,Retail sales at 2017 constant prices (Unchained Laspeyres Index),-11.960132890365449
Convenience retailers and vending machine operators [44513],2023-01-01,2023,1,Dollars,576.0,Canada,Retail sales at 2017 constant prices (Unchained Laspeyres Index),-7.692307692307687
Convenience retailers and vending machine operators [44513],2023-02-01,2023,2,Dollars,576.0,Canada,Retail sales at 2017 constant prices (Unchained Laspeyres Index),-5.418719211822665
Convenience retailers and vending machine operators [44513],2023-03-01,2023,3,Dollars,576.0,Canada,Retail sales at 2017 constant prices (Unchained Laspeyres Index),-3.3557046979865723
Convenience retailers and vending machine operators [44513],2023-04-01,2023,4,Dollars,575.0,Canada,Retail sales at 2017 constant prices (Unchained Laspeyres Index),-1.7094017094017144
Convenience retailers and vending machine operators [44513],2023-05-01,2023,5,Dollars,568.0,Canada,Retail sales at 2017 constant prices (Unchained Laspeyres Index),-5.6478405315614655
Convenience retailers and vending machine operators [44513],2023-06-01,2023,6,Dollars,560.0,Canada,Retail sales at 2017 constant prices (Unchained Laspeyres Index),-5.564924114671166
Convenience retailers and vending machine operators [44513],2023-07-01,2023,7,Dollars,563.0,Canada,Retail sales at 2017 constant prices (Unchained Laspeyres Index),-0.3539823008849585
Convenience retailers and vending machine operators [44513],2023-08-01,2023,8,Dollars,567.0,Canada,Retail sales at 2017 constant prices (Unchained Laspeyres Index),-1.3913043478260834
Convenience retailers and vending machine operators [44513],2023-09-01,2023,9,Dollars,577.0,Canada,Retail sales at 2017 constant prices (Unchained Laspeyres Index),2.123893805309729
Convenience retailers and vending machine operators [44513],2023-10-01,2023,10,Dollars,558.0,Canada,Retail sales at 2017 constant prices (Unchained Laspeyres Index),-1.9332161687170446
Convenience retailers and vending machine operators [44513],2023-11-01,2023,11,Dollars,580.0,Canada,Retail sales at 2017 constant prices (Unchained Laspeyres Index),3.3868092691622165
Convenience retailers and vending machine operators [44513],2023-12-01,2023,12,Dollars,583.0,Canada,Retail sales at 2017 constant prices (Unchained Laspeyres Index),10.000000000000009
Convenience retailers and vending machine operators [44513],2024-01-01,2024,1,Dollars,582.0,Canada,Retail sales at 2017 constant prices (Unchained Laspeyres Index),1.041666666666674
Convenience retailers and vending machine operators [44513],2024-02-01,2024,2,Dollars,589.0,Canada,Retail sales at 2017 constant prices (Unchained Laspeyres Index),2.256944444444442
Convenience retailers and vending machine operators [44513],2024-03-01,2024,3,Dollars,570.0,Canada,Retail sales at 2017 constant prices (Unchained Laspeyres Index),-1.041666666666663
Convenience retailers and vending machine operators [44513],2024-04-01,2024,4,Dollars,550.0,Canada,Retail sales at 2017 constant prices (Unchained Laspeyres Index),-4.347826086956519
Convenience retailers and vending machine operators [44513],2024-05-01,2024,5,Dollars,550.0,Canada,Retail sales at 2017 constant prices (Unchained Laspeyres Index),-3.169014084507038
Convenience retailers and vending machine operators [44513],2024-06-01,2024,6,Dollars,537.0,Canada,Retail sales at 2017 constant prices (Unchained Laspeyres Index),-4.107142857142854
Convenience retailers and vending machine operators [44513],2024-07-01,2024,7,Dollars,543.0,Canada,Retail sales at 2017 constant prices (Unchained Laspeyres Index),-3.5523978685612745
Convenience retailers and vending machine operators [44513],2024-08-01,2024,8,Dollars,538.0,Canada,Retail sales at 2017 constant prices (Unchained Laspeyres Index),-5.114638447971787
Convenience retailers and vending machine operators [44513],2024-09-01,2024,9,Dollars,542.0,Canada,Retail sales at 2017 constant prices (Unchained Laspeyres Index),-6.065857885615255
Convenience retailers and vending machine operators [44513],2024-10-01,2024,10,Dollars,539.0,Canada,Retail sales at 2017 constant prices (Unchained Laspeyres Index),-3.405017921146958
Convenience retailers and vending machine operators [44513],2024-11-01,2024,11,Dollars,548.0,Canada,Retail sales at 2017 constant prices (Unchained Laspeyres Index),-5.517241379310345
Convenience retailers and vending machine operators [44513],2024-12-01,2024,12,Dollars,531.0,Canada,Retail sales at 2017 constant prices (Unchained Laspeyres Index),-8.919382504288166
Convenience retailers and vending machine operators [44513],2025-01-01,2025,1,Dollars,531.0,Canada,Retail sales at 2017 constant prices (Unchained Laspeyres Index),-8.762886597938147
Convenience retailers and vending machine operators [44513],2025-02-01,2025,2,Dollars,524.0,Canada,Retail sales at 2017 constant prices (Unchained Laspeyres Index),-11.035653650254673
Convenience retailers and vending machine operators [44513],2025-03-01,2025,3,Dollars,538.0,Canada,Retail sales at 2017 constant prices (Unchained Laspeyres Index),-5.6140350877192935
Convenience retailers and vending machine operators [44513],2025-04-01,2025,4,Dollars,542.0,Canada,Retail sales at 2017 constant prices (Unchained Laspeyres Index),-1.4545454545454528
Convenience retailers and vending machine operators [44513],2025-05-01,2025,5,Dollars,515.0,Canada,Retail sales at 2017 constant prices (Unchained Laspeyres Index),-6.36363636363636
Convenience retailers and vending machine operators [44513],2025-06-01,2025,6,Dollars,538.0,Canada,Retail sales at 2017 constant prices (Unchained Laspeyres Index),0.18621973929235924
Convenience retailers and vending machine operators [44513],2025-07-01,2025,7,Dollars,522.0,Canada,Retail sales at 2017 constant prices (Unchained Laspeyres Index),-3.8674033149171283
Convenience retailers and vending machine operators [44513],2025-08-01,2025,8,Dollars,520.0,Canada,Retail sales at 2017 constant prices (Unchained Laspeyres Index),-3.3457249070631967
Convenience retailers and vending machine operators [44513],2025-09-01,2025,9,Dollars,518.0,Canada,Retail sales at 2017 constant prices (Unchained Laspeyres Index),-4.4280442804427995
Convenience retailers and vending machine operators [44513],2025-10-01,2025,10,Dollars,528.0,Canada,Retail sales at 2017 constant prices (Unchained Laspeyres Index),-2.0408163265306145
Convenience retailers and vending machine operators [44513],2025-11-01,2025,11,Dollars,522.0,Canada,Retail sales at 2017 constant prices (Unchained Laspeyres Index),-4.744525547445255
Convenience retailers and vending machine operators [44513],2025-12-01,2025,12,Dollars,528.0,Canada,Retail sales at 2017 constant prices (Unchained Laspeyres Index),-0.5649717514124242
Convenience retailers and vending machine operators [44513],2026-01-01,2026,1,Dollars,524.0,Canada,Retail sales at 2017 constant prices (Unchained Laspeyres Index),-1.3182674199623379
Convenience retailers and vending machine operators [44513],2026-02-01,2026,2,Dollars,531.0,Canada,Retail sales at 2017 constant prices (Unchained Laspeyres Index),1.3358778625954137
Convenience retailers and vending machine operators [44513],2026-03-01,2026,3,Dollars,525.0,Canada,Retail sales at 2017 constant prices (Unchained Laspeyres Index),-2.4163568773234223
Food and beverage retailers [445],2017-01-01,2017,1,Dollars,10174.0,Canada,Retail sales at 2017 constant prices (Unchained Laspeyres Index),
Food and beverage retailers [445],2017-02-01,2017,2,Dollars,10248.0,Canada,Retail sales at 2017 constant prices (Unchained Laspeyres Index),
Food and beverage retailers [445],2017-03-01,2017,3,Dollars,10171.0,Canada,Retail sales at 2017 constant prices (Unchained Laspeyres Index),
Food and beverage retailers [445],2017-04-01,2017,4,Dollars,10164.0,Canada,Retail sales at 2017 constant prices (Unchained Laspeyres Index),
Food and beverage retailers [445],2017-05-01,2017,5,Dollars,10266.0,Canada,Retail sales at 2017 constant prices (Unchained Laspeyres Index),
Food and beverage retailers [445],2017-06-01,2017,6,Dollars,10277.0,Canada,Retail sales at 2017 constant prices (Unchained Laspeyres Index),
Food and beverage retailers [445],2017-07-01,2017,7,Dollars,10298.0,Canada,Retail sales at 2017 constant prices (Unchained Laspeyres Index),
Food and beverage retailers [445],2017-08-01,2017,8,Dollars,10156.0,Canada,Retail sales at 2017 constant prices (Unchained Laspeyres Index),
Food and beverage retailers [445],2017-09-01,2017,9,Dollars,10138.0,Canada,Retail sales at 2017 constant prices (Unchained Laspeyres Index),
Food and beverage retailers [445],2017-10-01,2017,10,Dollars,10238.0,Canada,Retail sales at 2017 constant prices (Unchained Laspeyres Index),
Food and beverage retailers [445],2017-11-01,2017,11,Dollars,10125.0,Canada,Retail sales at 2017 constant prices (Unchained Laspeyres Index),
Food and beverage retailers [445],2017-12-01,2017,12,Dollars,10273.0,Canada,Retail sales at 2017 constant prices (Unchained Laspeyres Index),
Food and beverage retailers [445],2018-01-01,2018,1,Dollars,10190.0,Canada,Retail sales at 2017 constant prices (Unchained Laspeyres Index),0.1572636131315086
Food and beverage retailers [445],2018-02-01,2018,2,Dollars,10198.0,Canada,Retail sales at 2017 constant prices (Unchained Laspeyres Index),-0.4879000780640075
Food and beverage retailers [445],2018-03-01,2018,3,Dollars,10254.0,Canada,Retail sales at 2017 constant prices (Unchained Laspeyres Index),0.816045619899719
Food and beverage retailers [445],2018-04-01,2018,4,Dollars,10290.0,Canada,Retail sales at 2017 constant prices (Unchained Laspeyres Index),1.2396694214876103
Food and beverage retailers [445],2018-05-01,2018,5,Dollars,10482.0,Canada,Retail sales at 2017 constant prices (Unchained Laspeyres Index),2.104032729398009
Food and beverage retailers [445],2018-06-01,2018,6,Dollars,10456.0,Canada,Retail sales at 2017 constant prices (Unchained Laspeyres Index),1.7417534299893012
Food and beverage retailers [445],2018-07-01,2018,7,Dollars,10507.0,Canada,Retail sales at 2017 constant prices (Unchained Laspeyres Index),2.029520295202958
Food and beverage retailers [445],2018-08-01,2018,8,Dollars,10587.0,Canada,Retail sales at 2017 constant prices (Unchained Laspeyres Index),4.243796770382047
Food and beverage retailers [445],2018-09-01,2018,9,Dollars,10720.0,Canada,Retail sales at 2017 constant prices (Unchained Laspeyres Index),5.740777273623987
Food and beverage retailers [445],2018-10-01,2018,10,Dollars,10585.0,Canada,Retail sales at 2017 constant prices (Unchained Laspeyres Index),3.389333854268406
Food and beverage retailers [445],2018-11-01,2018,11,Dollars,10346.0,Canada,Retail sales at 2017 constant prices (Unchained Laspeyres Index),2.182716049382716
Food and beverage retailers [445],2018-12-01,2018,12,Dollars,10374.0,Canada,Retail sales at 2017 constant prices (Unchained Laspeyres Index),0.9831597391219749
Food and beverage retailers [445],2019-01-01,2019,1,Dollars,10419.0,Canada,Retail sales at 2017 constant prices (Unchained Laspeyres Index),2.2473012757605604
Food and beverage retailers [445],2019-02-01,2019,2,Dollars,10486.0,Canada,Retail sales at 2017 constant prices (Unchained Laspeyres Index),2.824083153559531
Food and beverage retailers [445],2019-03-01,2019,3,Dollars,10382.0,Canada,Retail sales at 2017 constant prices (Unchained Laspeyres Index),1.2482933489369907
Food and beverage retailers [445],2019-04-01,2019,4,Dollars,10556.0,Canada,Retail sales at 2017 constant prices (Unchained Laspeyres Index),2.585034013605436
Food and beverage retailers [445],2019-05-01,2019,5,Dollars,10328.0,Canada,Retail sales at 2017 constant prices (Unchained Laspeyres Index),-1.4691852699866392
Food and beverage retailers [445],2019-06-01,2019,6,Dollars,10333.0,Canada,Retail sales at 2017 constant prices (Unchained Laspeyres Index),-1.1763580719204247
Food and beverage retailers [445],2019-07-01,2019,7,Dollars,10459.0,Canada,Retail sales at 2017 constant prices (Unchained Laspeyres Index),-0.45683829827734
Food and beverage retailers [445],2019-08-01,2019,8,Dollars,10390.0,Canada,Retail sales at 2017 constant prices (Unchained Laspeyres Index),-1.8607726456975504
Food and beverage retailers [445],2019-09-01,2019,9,Dollars,10433.0,Canada,Retail sales at 2017 constant prices (Unchained Laspeyres Index),-2.67723880597015
Food and beverage retailers [445],2019-10-01,2019,10,Dollars,10428.0,Canada,Retail sales at 2017 constant prices (Unchained Laspeyres Index),-1.483230987246098
Food and beverage retailers [445],2019-11-01,2019,11,Dollars,10347.0,Canada,Retail sales at 2017 constant prices (Unchained Laspeyres Index),0.009665571235251136
Food and beverage retailers [445],2019-12-01,2019,12,Dollars,10595.0,Canada,Retail sales at 2017 constant prices (Unchained Laspeyres Index),2.130325814536338
Food and beverage retailers [445],2020-01-01,2020,1,Dollars,10435.0,Canada,Retail sales at 2017 constant prices (Unchained Laspeyres Index),0.1535656013053055
Food and beverage retailers [445],2020-02-01,2020,2,Dollars,10429.0,Canada,Retail sales at 2017 constant prices (Unchained Laspeyres Index),-0.5435819187488033
Food and beverage retailers [445],2020-03-01,2020,3,Dollars,12708.0,Canada,Retail sales at 2017 constant prices (Unchained Laspeyres Index),22.40416104796763
Food and beverage retailers [445],2020-04-01,2020,4,Dollars,11479.0,Canada,Retail sales at 2017 constant prices (Unchained Laspeyres Index),8.743842364532028
Food and beverage retailers [445],2020-05-01,2020,5,Dollars,11130.0,Canada,Retail sales at 2017 constant prices (Unchained Laspeyres Index),7.765298218435324
Food and beverage retailers [445],2020-06-01,2020,6,Dollars,11372.0,Canada,Retail sales at 2017 constant prices (Unchained Laspeyres Index),10.055163069776452
Food and beverage retailers [445],2020-07-01,2020,7,Dollars,11214.0,Canada,Retail sales at 2017 constant prices (Unchained Laspeyres Index),7.218663352136923
Food and beverage retailers [445],2020-08-01,2020,8,Dollars,11152.0,Canada,Retail sales at 2017 constant prices (Unchained Laspeyres Index),7.333974975938395
Food and beverage retailers [445],2020-09-01,2020,9,Dollars,11275.0,Canada,Retail sales at 2017 constant prices (Unchained Laspeyres Index),8.070545384836581
Food and beverage retailers [445],2020-10-01,2020,10,Dollars,11206.0,Canada,Retail sales at 2017 constant prices (Unchained Laspeyres Index),7.460682777138472
Food and beverage retailers [445],2020-11-01,2020,11,Dollars,11624.0,Canada,Retail sales at 2017 constant prices (Unchained Laspeyres Index),12.341741567604148
Food and beverage retailers [445],2020-12-01,2020,12,Dollars,11443.0,Canada,Retail sales at 2017 constant prices (Unchained Laspeyres Index),8.003775365738552
Food and beverage retailers [445],2021-01-01,2021,1,Dollars,11729.0,Canada,Retail sales at 2017 constant prices (Unchained Laspeyres Index),12.400574988021074
Food and beverage retailers [445],2021-02-01,2021,2,Dollars,11584.0,Canada,Retail sales at 2017 constant prices (Unchained Laspeyres Index),11.074887333397253
Food and beverage retailers [445],2021-03-01,2021,3,Dollars,11431.0,Canada,Retail sales at 2017 constant prices (Unchained Laspeyres Index),-10.048788164935473
Food and beverage retailers [445],2021-04-01,2021,4,Dollars,11426.0,Canada,Retail sales at 2017 constant prices (Unchained Laspeyres Index),-0.46171269274326576
Food and beverage retailers [445],2021-05-01,2021,5,Dollars,11348.0,Canada,Retail sales at 2017 constant prices (Unchained Laspeyres Index),1.9586702605570494
Food and beverage retailers [445],2021-06-01,2021,6,Dollars,11137.0,Canada,Retail sales at 2017 constant prices (Unchained Laspeyres Index),-2.0664790714034487
Food and beverage retailers [445],2021-07-01,2021,7,Dollars,10759.0,Canada,Retail sales at 2017 constant prices (Unchained Laspeyres Index),-4.057428214731584
Food and beverage retailers [445],2021-08-01,2021,8,Dollars,10970.0,Canada,Retail sales at 2017 constant prices (Unchained Laspeyres Index),-1.6319942611190852
Food and beverage retailers [445],2021-09-01,2021,9,Dollars,11010.0,Canada,Retail sales at 2017 constant prices (Unchained Laspeyres Index),-2.3503325942350384
Food and beverage retailers [445],2021-10-01,2021,10,Dollars,10834.0,Canada,Retail sales at 2017 constant prices (Unchained Laspeyres Index),-3.319650187399603
Food and beverage retailers [445],2021-11-01,2021,11,Dollars,10987.0,Canada,Retail sales at 2017 constant prices (Unchained Laspeyres Index),-5.480041293874738
Food and beverage retailers [445],2021-12-01,2021,12,Dollars,10751.0,Canada,Retail sales at 2017 constant prices (Unchained Laspeyres Index),-6.047365201433186
Food and beverage retailers [445],2022-01-01,2022,1,Dollars,10944.0,Canada,Retail sales at 2017 constant prices (Unchained Laspeyres Index),-6.692812686503535
Food and beverage retailers [445],2022-02-01,2022,2,Dollars,10779.0,Canada,Retail sales at 2017 constant prices (Unchained Laspeyres Index),-6.949240331491713
Food and beverage retailers [445],2022-03-01,2022,3,Dollars,10797.0,Canada,Retail sales at 2017 constant prices (Unchained Laspeyres Index),-5.546321406701072
Food and beverage retailers [445],2022-04-01,2022,4,Dollars,10489.0,Canada,Retail sales at 2017 constant prices (Unchained Laspeyres Index),-8.20059513390513
Food and beverage retailers [445],2022-05-01,2022,5,Dollars,10619.0,Canada,Retail sales at 2017 constant prices (Unchained Laspeyres Index),-6.424039478322174
Food and beverage retailers [445],2022-06-01,2022,6,Dollars,10491.0,Canada,Retail sales at 2017 constant prices (Unchained Laspeyres Index),-5.800484870252309
Food and beverage retailers [445],2022-07-01,2022,7,Dollars,10338.0,Canada,Retail sales at 2017 constant prices (Unchained Laspeyres Index),-3.9130030671995497
Food and beverage retailers [445],2022-08-01,2022,8,Dollars,10612.0,Canada,Retail sales at 2017 constant prices (Unchained Laspeyres Index),-3.2634457611668166
Food and beverage retailers [445],2022-09-01,2022,9,Dollars,10276.0,Canada,Retail sales at 2017 constant prices (Unchained Laspeyres Index),-6.666666666666665
Food and beverage retailers [445],2022-10-01,2022,10,Dollars,10368.0,Canada,Retail sales at 2017 constant prices (Unchained Laspeyres Index),-4.301273767768132
Food and beverage retailers [445],2022-11-01,2022,11,Dollars,10263.0,Canada,Retail sales at 2017 constant prices (Unchained Laspeyres Index),-6.589605897879314
Food and beverage retailers [445],2022-12-01,2022,12,Dollars,10048.0,Canada,Retail sales at 2017 constant prices (Unchained Laspeyres Index),-6.5389266114780025
Food and beverage retailers [445],2023-01-01,2023,1,Dollars,10209.0,Canada,Retail sales at 2017 constant prices (Unchained Laspeyres Index),-6.716008771929827
Food and beverage retailers [445],2023-02-01,2023,2,Dollars,10200.0,Canada,Retail sales at 2017 constant prices (Unchained Laspeyres Index),-5.371555802950178
Food and beverage retailers [445],2023-03-01,2023,3,Dollars,10291.0,Canada,Retail sales at 2017 constant prices (Unchained Laspeyres Index),-4.686486987126049
Food and beverage retailers [445],2023-04-01,2023,4,Dollars,10275.0,Canada,Retail sales at 2017 constant prices (Unchained Laspeyres Index),-2.0402326246544034
Food and beverage retailers [445],2023-05-01,2023,5,Dollars,10452.0,Canada,Retail sales at 2017 constant prices (Unchained Laspeyres Index),-1.5726527921649858
Food and beverage retailers [445],2023-06-01,2023,6,Dollars,10238.0,Canada,Retail sales at 2017 constant prices (Unchained Laspeyres Index),-2.4115908874273173
Food and beverage retailers [445],2023-07-01,2023,7,Dollars,10354.0,Canada,Retail sales at 2017 constant prices (Unchained Laspeyres Index),0.15476881408396093
Food and beverage retailers [445],2023-08-01,2023,8,Dollars,10247.0,Canada,Retail sales at 2017 constant prices (Unchained Laspeyres Index),-3.439502450056542
Food and beverage retailers [445],2023-09-01,2023,9,Dollars,10123.0,Canada,Retail sales at 2017 constant prices (Unchained Laspeyres Index),-1.4889061891786737
Food and beverage retailers [445],2023-10-01,2023,10,Dollars,10136.0,Canada,Retail sales at 2017 constant prices (Unchained Laspeyres Index),-2.2376543209876587
Food and beverage retailers [445],2023-11-01,2023,11,Dollars,9973.0,Canada,Retail sales at 2017 constant prices (Unchained Laspeyres Index),-2.8256844977102236
Food and beverage retailers [445],2023-12-01,2023,12,Dollars,10117.0,Canada,Retail sales at 2017 constant prices (Unchained Laspeyres Index),0.6867038216560539
Food and beverage retailers [445],2024-01-01,2024,1,Dollars,10062.0,Canada,Retail sales at 2017 constant prices (Unchained Laspeyres Index),-1.439905965324717
Food and beverage retailers [445],2024-02-01,2024,2,Dollars,9908.0,Canada,Retail sales at 2017 constant prices (Unchained Laspeyres Index),-2.862745098039221
Food and beverage retailers [445],2024-03-01,2024,3,Dollars,9737.0,Canada,Retail sales at 2017 constant prices (Unchained Laspeyres Index),-5.3833446701000875
Food and beverage retailers [445],2024-04-01,2024,4,Dollars,9836.0,Canada,Retail sales at 2017 constant prices (Unchained Laspeyres Index),-4.272506082725059
Food and beverage retailers [445],2024-05-01,2024,5,Dollars,9695.0,Canada,Retail sales at 2017 constant prices (Unchained Laspeyres Index),-7.242632988901643
Food and beverage retailers [445],2024-06-01,2024,6,Dollars,9779.0,Canada,Retail sales at 2017 constant prices (Unchained Laspeyres Index),-4.483297519046692
Food and beverage retailers [445],2024-07-01,2024,7,Dollars,9800.0,Canada,Retail sales at 2017 constant prices (Unchained Laspeyres Index),-5.350589144292062
Food and beverage retailers [445],2024-08-01,2024,8,Dollars,9734.0,Canada,Retail sales at 2017 constant prices (Unchained Laspeyres Index),-5.006343319996098
Food and beverage retailers [445],2024-09-01,2024,9,Dollars,9938.0,Canada,Retail sales at 2017 constant prices (Unchained Laspeyres Index),-1.8275214857255806
Food and beverage retailers [445],2024-10-01,2024,10,Dollars,9920.0,Canada,Retail sales at 2017 constant prices (Unchained Laspeyres Index),-2.131018153117603
Food and beverage retailers [445],2024-11-01,2024,11,Dollars,9683.0,Canada,Retail sales at 2017 constant prices (Unchained Laspeyres Index),-2.907851198235234
Food and beverage retailers [445],2024-12-01,2024,12,Dollars,10024.0,Canada,Retail sales at 2017 constant prices (Unchained Laspeyres Index),-0.9192448354255256
Food and beverage retailers [445],2025-01-01,2025,1,Dollars,9932.0,Canada,Retail sales at 2017 constant prices (Unchained Laspeyres Index),-1.2919896640826822
Food and beverage retailers [445],2025-02-01,2025,2,Dollars,10125.0,Canada,Retail sales at 2017 constant prices (Unchained Laspeyres Index),2.1901493742430445
Food and beverage retailers [445],2025-03-01,2025,3,Dollars,10012.0,Canada,Retail sales at 2017 constant prices (Unchained Laspeyres Index),2.8242785252130975
Food and beverage retailers [445],2025-04-01,2025,4,Dollars,10001.0,Canada,Retail sales at 2017 constant prices (Unchained Laspeyres Index),1.677511183407887
Food and beverage retailers [445],2025-05-01,2025,5,Dollars,9844.0,Canada,Retail sales at 2017 constant prices (Unchained Laspeyres Index),1.536874677668898
Food and beverage retailers [445],2025-06-01,2025,6,Dollars,10097.0,Canada,Retail sales at 2017 constant prices (Unchained Laspeyres Index),3.2518662439922297
Food and beverage retailers [445],2025-07-01,2025,7,Dollars,9883.0,Canada,Retail sales at 2017 constant prices (Unchained Laspeyres Index),0.8469387755102087
Food and beverage retailers [445],2025-08-01,2025,8,Dollars,9951.0,Canada,Retail sales at 2017 constant prices (Unchained Laspeyres Index),2.2292993630573354
Food and beverage retailers [445],2025-09-01,2025,9,Dollars,9894.0,Canada,Retail sales at 2017 constant prices (Unchained Laspeyres Index),-0.44274501911854003
Food and beverage retailers [445],2025-10-01,2025,10,Dollars,9671.0,Canada,Retail sales at 2017 constant prices (Unchained Laspeyres Index),-2.5100806451612945
Food and beverage retailers [445],2025-11-01,2025,11,Dollars,9912.0,Canada,Retail sales at 2017 constant prices (Unchained Laspeyres Index),2.3649695342352617
Food and beverage retailers [445],2025-12-01,2025,12,Dollars,9849.0,Canada,Retail sales at 2017 constant prices (Unchained Laspeyres Index),-1.7458100558659262
Food and beverage retailers [445],2026-01-01,2026,1,Dollars,9876.0,Canada,Retail sales at 2017 constant prices (Unchained Laspeyres Index),-0.5638340716874746
Food and beverage retailers [445],2026-02-01,2026,2,Dollars,9930.0,Canada,Retail sales at 2017 constant prices (Unchained Laspeyres Index),-1.925925925925931
Food and beverage retailers [445],2026-03-01,2026,3,Dollars,9962.0,Canada,Retail sales at 2017 constant prices (Unchained Laspeyres Index),-0.4994007191370331
Grocery and convenience retailers [4451],2017-01-01,2017,1,Dollars,7689.0,Canada,Retail sales at 2017 constant prices (Unchained Laspeyres Index),
Grocery and convenience retailers [4451],2017-02-01,2017,2,Dollars,7728.0,Canada,Retail sales at 2017 constant prices (Unchained Laspeyres Index),
Grocery and convenience retailers [4451],2017-03-01,2017,3,Dollars,7682.0,Canada,Retail sales at 2017 constant prices (Unchained Laspeyres Index),
Grocery and convenience retailers [4451],2017-04-01,2017,4,Dollars,7634.0,Canada,Retail sales at 2017 constant prices (Unchained Laspeyres Index),
Grocery and convenience retailers [4451],2017-05-01,2017,5,Dollars,7721.0,Canada,Retail sales at 2017 constant prices (Unchained Laspeyres Index),
Grocery and convenience retailers [4451],2017-06-01,2017,6,Dollars,7709.0,Canada,Retail sales at 2017 constant prices (Unchained Laspeyres Index),
Grocery and convenience retailers [4451],2017-07-01,2017,7,Dollars,7717.0,Canada,Retail sales at 2017 constant prices (Unchained Laspeyres Index),
Grocery and convenience retailers [4451],2017-08-01,2017,8,Dollars,7604.0,Canada,Retail sales at 2017 constant prices (Unchained Laspeyres Index),
Grocery and convenience retailers [4451],2017-09-01,2017,9,Dollars,7576.0,Canada,Retail sales at 2017 constant prices (Unchained Laspeyres Index),
Grocery and convenience retailers [4451],2017-10-01,2017,10,Dollars,7657.0,Canada,Retail sales at 2017 constant prices (Unchained Laspeyres Index),
Grocery and convenience retailers [4451],2017-11-01,2017,11,Dollars,7559.0,Canada,Retail sales at 2017 constant prices (Unchained Laspeyres Index),
Grocery and convenience retailers [4451],2017-12-01,2017,12,Dollars,7672.0,Canada,Retail sales at 2017 constant prices (Unchained Laspeyres Index),
Grocery and convenience retailers [4451],2018-01-01,2018,1,Dollars,7573.0,Canada,Retail sales at 2017 constant prices (Unchained Laspeyres Index),-1.508648718949146
Grocery and convenience retailers [4451],2018-02-01,2018,2,Dollars,7593.0,Canada,Retail sales at 2017 constant prices (Unchained Laspeyres Index),-1.7468944099378936
Grocery and convenience retailers [4451],2018-03-01,2018,3,Dollars,7647.0,Canada,Retail sales at 2017 constant prices (Unchained Laspeyres Index),-0.45561051809425157
Grocery and convenience retailers [4451],2018-04-01,2018,4,Dollars,7707.0,Canada,Retail sales at 2017 constant prices (Unchained Laspeyres Index),0.9562483625884299
Grocery and convenience retailers [4451],2018-05-01,2018,5,Dollars,7812.0,Canada,Retail sales at 2017 constant prices (Unchained Laspeyres Index),1.1786038077969074
Grocery and convenience retailers [4451],2018-06-01,2018,6,Dollars,7835.0,Canada,Retail sales at 2017 constant prices (Unchained Laspeyres Index),1.6344532364768405
Grocery and convenience retailers [4451],2018-07-01,2018,7,Dollars,7889.0,Canada,Retail sales at 2017 constant prices (Unchained Laspeyres Index),2.2288454062459495
Grocery and convenience retailers [4451],2018-08-01,2018,8,Dollars,7905.0,Canada,Retail sales at 2017 constant prices (Unchained Laspeyres Index),3.9584429247764286
Grocery and convenience retailers [4451],2018-09-01,2018,9,Dollars,8103.0,Canada,Retail sales at 2017 constant prices (Unchained Laspeyres Index),6.956177402323127
Grocery and convenience retailers [4451],2018-10-01,2018,10,Dollars,7906.0,Canada,Retail sales at 2017 constant prices (Unchained Laspeyres Index),3.2519263419093614
Grocery and convenience retailers [4451],2018-11-01,2018,11,Dollars,7714.0,Canada,Retail sales at 2017 constant prices (Unchained Laspeyres Index),2.0505357851567707
Grocery and convenience retailers [4451],2018-12-01,2018,12,Dollars,7710.0,Canada,Retail sales at 2017 constant prices (Unchained Laspeyres Index),0.4953076120959299
Grocery and convenience retailers [4451],2019-01-01,2019,1,Dollars,7752.0,Canada,Retail sales at 2017 constant prices (Unchained Laspeyres Index),2.3636603723755423
Grocery and convenience retailers [4451],2019-02-01,2019,2,Dollars,7860.0,Canada,Retail sales at 2017 constant prices (Unchained Laspeyres Index),3.5163966811536884
Grocery and convenience retailers [4451],2019-03-01,2019,3,Dollars,7783.0,Canada,Retail sales at 2017 constant prices (Unchained Laspeyres Index),1.7784752190401543
Grocery and convenience retailers [4451],2019-04-01,2019,4,Dollars,7862.0,Canada,Retail sales at 2017 constant prices (Unchained Laspeyres Index),2.011158686907999
Grocery and convenience retailers [4451],2019-05-01,2019,5,Dollars,7688.0,Canada,Retail sales at 2017 constant prices (Unchained Laspeyres Index),-1.5873015873015928
Grocery and convenience retailers [4451],2019-06-01,2019,6,Dollars,7712.0,Canada,Retail sales at 2017 constant prices (Unchained Laspeyres Index),-1.5698787492023025
Grocery and convenience retailers [4451],2019-07-01,2019,7,Dollars,7802.0,Canada,Retail sales at 2017 constant prices (Unchained Laspeyres Index),-1.102801368994799
Grocery and convenience retailers [4451],2019-08-01,2019,8,Dollars,7710.0,Canada,Retail sales at 2017 constant prices (Unchained Laspeyres Index),-2.4667931688804545
Grocery and convenience retailers [4451],2019-09-01,2019,9,Dollars,7765.0,Canada,Retail sales at 2017 constant prices (Unchained Laspeyres Index),-4.171294582253482
Grocery and convenience retailers [4451],2019-10-01,2019,10,Dollars,7753.0,Canada,Retail sales at 2017 constant prices (Unchained Laspeyres Index),-1.9352390589425728
Grocery and convenience retailers [4451],2019-11-01,2019,11,Dollars,7708.0,Canada,Retail sales at 2017 constant prices (Unchained Laspeyres Index),-0.07778065854291416
Grocery and convenience retailers [4451],2019-12-01,2019,12,Dollars,7890.0,Canada,Retail sales at 2017 constant prices (Unchained Laspeyres Index),2.3346303501945442
Grocery and convenience retailers [4451],2020-01-01,2020,1,Dollars,7750.0,Canada,Retail sales at 2017 constant prices (Unchained Laspeyres Index),-0.025799793601655185
Grocery and convenience retailers [4451],2020-02-01,2020,2,Dollars,7760.0,Canada,Retail sales at 2017 constant prices (Unchained Laspeyres Index),-1.2722646310432517
Grocery and convenience retailers [4451],2020-03-01,2020,3,Dollars,9774.0,Canada,Retail sales at 2017 constant prices (Unchained Laspeyres Index),25.581395348837212
Grocery and convenience retailers [4451],2020-04-01,2020,4,Dollars,8815.0,Canada,Retail sales at 2017 constant prices (Unchained Laspeyres Index),12.12159755787332
Grocery and convenience retailers [4451],2020-05-01,2020,5,Dollars,8475.0,Canada,Retail sales at 2017 constant prices (Unchained Laspeyres Index),10.236732570239337
Grocery and convenience retailers [4451],2020-06-01,2020,6,Dollars,8518.0,Canada,Retail sales at 2017 constant prices (Unchained Laspeyres Index),10.451244813278016
Grocery and convenience retailers [4451],2020-07-01,2020,7,Dollars,8375.0,Canada,Retail sales at 2017 constant prices (Unchained Laspeyres Index),7.344270699820554
Grocery and convenience retailers [4451],2020-08-01,2020,8,Dollars,8390.0,Canada,Retail sales at 2017 constant prices (Unchained Laspeyres Index),8.819714656290522
Grocery and convenience retailers [4451],2020-09-01,2020,9,Dollars,8470.0,Canada,Retail sales at 2017 constant prices (Unchained Laspeyres Index),9.07920154539601
Grocery and convenience retailers [4451],2020-10-01,2020,10,Dollars,8481.0,Canada,Retail sales at 2017 constant prices (Unchained Laspeyres Index),9.389913581839293
Grocery and convenience retailers [4451],2020-11-01,2020,11,Dollars,8748.0,Canada,Retail sales at 2017 constant prices (Unchained Laspeyres Index),13.492475350285416
Grocery and convenience retailers [4451],2020-12-01,2020,12,Dollars,8636.0,Canada,Retail sales at 2017 constant prices (Unchained Laspeyres Index),9.455006337135607
Grocery and convenience retailers [4451],2021-01-01,2021,1,Dollars,8819.0,Canada,Retail sales at 2017 constant prices (Unchained Laspeyres Index),13.793548387096767
Grocery and convenience retailers [4451],2021-02-01,2021,2,Dollars,8719.0,Canada,Retail sales at 2017 constant prices (Unchained Laspeyres Index),12.358247422680414
Grocery and convenience retailers [4451],2021-03-01,2021,3,Dollars,8539.0,Canada,Retail sales at 2017 constant prices (Unchained Laspeyres Index),-12.635563740536115
Grocery and convenience retailers [4451],2021-04-01,2021,4,Dollars,8614.0,Canada,Retail sales at 2017 constant prices (Unchained Laspeyres Index),-2.2802041973908116
Grocery and convenience retailers [4451],2021-05-01,2021,5,Dollars,8597.0,Canada,Retail sales at 2017 constant prices (Unchained Laspeyres Index),1.4395280235988128
Grocery and convenience retailers [4451],2021-06-01,2021,6,Dollars,8336.0,Canada,Retail sales at 2017 constant prices (Unchained Laspeyres Index),-2.136651796196287
Grocery and convenience retailers [4451],2021-07-01,2021,7,Dollars,8008.0,Canada,Retail sales at 2017 constant prices (Unchained Laspeyres Index),-4.38208955223881
Grocery and convenience retailers [4451],2021-08-01,2021,8,Dollars,8212.0,Canada,Retail sales at 2017 constant prices (Unchained Laspeyres Index),-2.121573301549462
Grocery and convenience retailers [4451],2021-09-01,2021,9,Dollars,8207.0,Canada,Retail sales at 2017 constant prices (Unchained Laspeyres Index),-3.1050767414403824
Grocery and convenience retailers [4451],2021-10-01,2021,10,Dollars,8070.0,Canada,Retail sales at 2017 constant prices (Unchained Laspeyres Index),-4.846126636009906
Grocery and convenience retailers [4451],2021-11-01,2021,11,Dollars,8198.0,Canada,Retail sales at 2017 constant prices (Unchained Laspeyres Index),-6.28715134887975
Grocery and convenience retailers [4451],2021-12-01,2021,12,Dollars,8020.0,Canada,Retail sales at 2017 constant prices (Unchained Laspeyres Index),-7.132931912922647
Grocery and convenience retailers [4451],2022-01-01,2022,1,Dollars,8092.0,Canada,Retail sales at 2017 constant prices (Unchained Laspeyres Index),-8.24356503004876
Grocery and convenience retailers [4451],2022-02-01,2022,2,Dollars,7905.0,Canada,Retail sales at 2017 constant prices (Unchained Laspeyres Index),-9.335933019841725
Grocery and convenience retailers [4451],2022-03-01,2022,3,Dollars,7941.0,Canada,Retail sales at 2017 constant prices (Unchained Laspeyres Index),-7.003161962759108
Grocery and convenience retailers [4451],2022-04-01,2022,4,Dollars,7844.0,Canada,Retail sales at 2017 constant prices (Unchained Laspeyres Index),-8.938936614813098
Grocery and convenience retailers [4451],2022-05-01,2022,5,Dollars,7897.0,Canada,Retail sales at 2017 constant prices (Unchained Laspeyres Index),-8.142375247179245
Grocery and convenience retailers [4451],2022-06-01,2022,6,Dollars,7808.0,Canada,Retail sales at 2017 constant prices (Unchained Laspeyres Index),-6.3339731285988465
Grocery and convenience retailers [4451],2022-07-01,2022,7,Dollars,7672.0,Canada,Retail sales at 2017 constant prices (Unchained Laspeyres Index),-4.1958041958041985
Grocery and convenience retailers [4451],2022-08-01,2022,8,Dollars,7841.0,Canada,Retail sales at 2017 constant prices (Unchained Laspeyres Index),-4.517778860204579
Grocery and convenience retailers [4451],2022-09-01,2022,9,Dollars,7639.0,Canada,Retail sales at 2017 constant prices (Unchained Laspeyres Index),-6.920921164859262
Grocery and convenience retailers [4451],2022-10-01,2022,10,Dollars,7713.0,Canada,Retail sales at 2017 constant prices (Unchained Laspeyres Index),-4.42379182156134
Grocery and convenience retailers [4451],2022-11-01,2022,11,Dollars,7670.0,Canada,Retail sales at 2017 constant prices (Unchained Laspeyres Index),-6.4405952671383275
Grocery and convenience retailers [4451],2022-12-01,2022,12,Dollars,7556.0,Canada,Retail sales at 2017 constant prices (Unchained Laspeyres Index),-5.785536159601001
Grocery and convenience retailers [4451],2023-01-01,2023,1,Dollars,7645.0,Canada,Retail sales at 2017 constant prices (Unchained Laspeyres Index),-5.523974295600597
Grocery and convenience retailers [4451],2023-02-01,2023,2,Dollars,7660.0,Canada,Retail sales at 2017 constant prices (Unchained Laspeyres Index),-3.099304237824163
Grocery and convenience retailers [4451],2023-03-01,2023,3,Dollars,7728.0,Canada,Retail sales at 2017 constant prices (Unchained Laspeyres Index),-2.682281828485078
Grocery and convenience retailers [4451],2023-04-01,2023,4,Dollars,7728.0,Canada,Retail sales at 2017 constant prices (Unchained Laspeyres Index),-1.4788373278939337
Grocery and convenience retailers [4451],2023-05-01,2023,5,Dollars,7879.0,Canada,Retail sales at 2017 constant prices (Unchained Laspeyres Index),-0.22793465873116592
Grocery and convenience retailers [4451],2023-06-01,2023,6,Dollars,7768.0,Canada,Retail sales at 2017 constant prices (Unchained Laspeyres Index),-0.5122950819672178
Grocery and convenience retailers [4451],2023-07-01,2023,7,Dollars,7837.0,Canada,Retail sales at 2017 constant prices (Unchained Laspeyres Index),2.1506777893639306
Grocery and convenience retailers [4451],2023-08-01,2023,8,Dollars,7755.0,Canada,Retail sales at 2017 constant prices (Unchained Laspeyres Index),-1.0967988776941717
Grocery and convenience retailers [4451],2023-09-01,2023,9,Dollars,7651.0,Canada,Retail sales at 2017 constant prices (Unchained Laspeyres Index),0.15708862416545788
Grocery and convenience retailers [4451],2023-10-01,2023,10,Dollars,7689.0,Canada,Retail sales at 2017 constant prices (Unchained Laspeyres Index),-0.3111629716063824
Grocery and convenience retailers [4451],2023-11-01,2023,11,Dollars,7607.0,Canada,Retail sales at 2017 constant prices (Unchained Laspeyres Index),-0.8213820078226908
Grocery and convenience retailers [4451],2023-12-01,2023,12,Dollars,7627.0,Canada,Retail sales at 2017 constant prices (Unchained Laspeyres Index),0.9396506087877121
Grocery and convenience retailers [4451],2024-01-01,2024,1,Dollars,7630.0,Canada,Retail sales at 2017 constant prices (Unchained Laspeyres Index),-0.19620667102681066
Grocery and convenience retailers [4451],2024-02-01,2024,2,Dollars,7531.0,Canada,Retail sales at 2017 constant prices (Unchained Laspeyres Index),-1.6840731070496107
Grocery and convenience retailers [4451],2024-03-01,2024,3,Dollars,7415.0,Canada,Retail sales at 2017 constant prices (Unchained Laspeyres Index),-4.050207039337472
Grocery and convenience retailers [4451],2024-04-01,2024,4,Dollars,7484.0,Canada,Retail sales at 2017 constant prices (Unchained Laspeyres Index),-3.1573498964803326
Grocery and convenience retailers [4451],2024-05-01,2024,5,Dollars,7355.0,Canada,Retail sales at 2017 constant prices (Unchained Laspeyres Index),-6.650590176418325
Grocery and convenience retailers [4451],2024-06-01,2024,6,Dollars,7430.0,Canada,Retail sales at 2017 constant prices (Unchained Laspeyres Index),-4.351184346035019
Grocery and convenience retailers [4451],2024-07-01,2024,7,Dollars,7455.0,Canada,Retail sales at 2017 constant prices (Unchained Laspeyres Index),-4.8743141508230226
Grocery and convenience retailers [4451],2024-08-01,2024,8,Dollars,7391.0,Canada,Retail sales at 2017 constant prices (Unchained Laspeyres Index),-4.693745970341712
Grocery and convenience retailers [4451],2024-09-01,2024,9,Dollars,7586.0,Canada,Retail sales at 2017 constant prices (Unchained Laspeyres Index),-0.849562148738725
Grocery and convenience retailers [4451],2024-10-01,2024,10,Dollars,7553.0,Canada,Retail sales at 2017 constant prices (Unchained Laspeyres Index),-1.7687605670438256
Grocery and convenience retailers [4451],2024-11-01,2024,11,Dollars,7431.0,Canada,Retail sales at 2017 constant prices (Unchained Laspeyres Index),-2.313658472459579
Grocery and convenience retailers [4451],2024-12-01,2024,12,Dollars,7617.0,Canada,Retail sales at 2017 constant prices (Unchained Laspeyres Index),-0.1311131506490093
Grocery and convenience retailers [4451],2025-01-01,2025,1,Dollars,7530.0,Canada,Retail sales at 2017 constant prices (Unchained Laspeyres Index),-1.3106159895150737
Grocery and convenience retailers [4451],2025-02-01,2025,2,Dollars,7680.0,Canada,Retail sales at 2017 constant prices (Unchained Laspeyres Index),1.9784889124950134
Grocery and convenience retailers [4451],2025-03-01,2025,3,Dollars,7711.0,Canada,Retail sales at 2017 constant prices (Unchained Laspeyres Index),3.991908293998647
Grocery and convenience retailers [4451],2025-04-01,2025,4,Dollars,7667.0,Canada,Retail sales at 2017 constant prices (Unchained Laspeyres Index),2.445216461785149
Grocery and convenience retailers [4451],2025-05-01,2025,5,Dollars,7553.0,Canada,Retail sales at 2017 constant prices (Unchained Laspeyres Index),2.6920462270564327
Grocery and convenience retailers [4451],2025-06-01,2025,6,Dollars,7689.0,Canada,Retail sales at 2017 constant prices (Unchained Laspeyres Index),3.4858681022880145
Grocery and convenience retailers [4451],2025-07-01,2025,7,Dollars,7504.0,Canada,Retail sales at 2017 constant prices (Unchained Laspeyres Index),0.657276995305156
Grocery and convenience retailers [4451],2025-08-01,2025,8,Dollars,7571.0,Canada,Retail sales at 2017 constant prices (Unchained Laspeyres Index),2.4353943985928828
Grocery and convenience retailers [4451],2025-09-01,2025,9,Dollars,7531.0,Canada,Retail sales at 2017 constant prices (Unchained Laspeyres Index),-0.7250197732665442
Grocery and convenience retailers [4451],2025-10-01,2025,10,Dollars,7482.0,Canada,Retail sales at 2017 constant prices (Unchained Laspeyres Index),-0.9400238315900977
Grocery and convenience retailers [4451],2025-11-01,2025,11,Dollars,7537.0,Canada,Retail sales at 2017 constant prices (Unchained Laspeyres Index),1.426456735298065
Grocery and convenience retailers [4451],2025-12-01,2025,12,Dollars,7506.0,Canada,Retail sales at 2017 constant prices (Unchained Laspeyres Index),-1.4572666404096046
Grocery and convenience retailers [4451],2026-01-01,2026,1,Dollars,7493.0,Canada,Retail sales at 2017 constant prices (Unchained Laspeyres Index),-0.4913678618857942
Grocery and convenience retailers [4451],2026-02-01,2026,2,Dollars,7614.0,Canada,Retail sales at 2017 constant prices (Unchained Laspeyres Index),-0.8593749999999956
Grocery and convenience retailers [4451],2026-03-01,2026,3,Dollars,7651.0,Canada,Retail sales at 2017 constant prices (Unchained Laspeyres Index),-0.778109194656984
Specialty food retailers [4452],2017-01-01,2017,1,Dollars,589.0,Canada,Retail sales at 2017 constant prices (Unchained Laspeyres Index),
Specialty food retailers [4452],2017-02-01,2017,2,Dollars,602.0,Canada,Retail sales at 2017 constant prices (Unchained Laspeyres Index),
Specialty food retailers [4452],2017-03-01,2017,3,Dollars,610.0,Canada,Retail sales at 2017 constant prices (Unchained Laspeyres Index),
Specialty food retailers [4452],2017-04-01,2017,4,Dollars,656.0,Canada,Retail sales at 2017 constant prices (Unchained Laspeyres Index),
Specialty food retailers [4452],2017-05-01,2017,5,Dollars,636.0,Canada,Retail sales at 2017 constant prices (Unchained Laspeyres Index),
Specialty food retailers [4452],2017-06-01,2017,6,Dollars,652.0,Canada,Retail sales at 2017 constant prices (Unchained Laspeyres Index),
Specialty food retailers [4452],2017-07-01,2017,7,Dollars,649.0,Canada,Retail sales at 2017 constant prices (Unchained Laspeyres Index),
Specialty food retailers [4452],2017-08-01,2017,8,Dollars,658.0,Canada,Retail sales at 2017 constant prices (Unchained Laspeyres Index),
Specialty food retailers [4452],2017-09-01,2017,9,Dollars,665.0,Canada,Retail sales at 2017 constant prices (Unchained Laspeyres Index),
Specialty food retailers [4452],2017-10-01,2017,10,Dollars,660.0,Canada,Retail sales at 2017 constant prices (Unchained Laspeyres Index),
Specialty food retailers [4452],2017-11-01,2017,11,Dollars,659.0,Canada,Retail sales at 2017 constant prices (Unchained Laspeyres Index),
Specialty food retailers [4452],2017-12-01,2017,12,Dollars,672.0,Canada,Retail sales at 2017 constant prices (Unchained Laspeyres Index),
Specialty food retailers [4452],2018-01-01,2018,1,Dollars,671.0,Canada,Retail sales at 2017 constant prices (Unchained Laspeyres Index),13.921901528013581
Specialty food retailers [4452],2018-02-01,2018,2,Dollars,686.0,Canada,Retail sales at 2017 constant prices (Unchained Laspeyres Index),13.953488372093027
Specialty food retailers [4452],2018-03-01,2018,3,Dollars,692.0,Canada,Retail sales at 2017 constant prices (Unchained Laspeyres Index),13.442622950819683
Specialty food retailers [4452],2018-04-01,2018,4,Dollars,666.0,Canada,Retail sales at 2017 constant prices (Unchained Laspeyres Index),1.5243902439024293
Specialty food retailers [4452],2018-05-01,2018,5,Dollars,707.0,Canada,Retail sales at 2017 constant prices (Unchained Laspeyres Index),11.16352201257862
Specialty food retailers [4452],2018-06-01,2018,6,Dollars,693.0,Canada,Retail sales at 2017 constant prices (Unchained Laspeyres Index),6.288343558282206
Specialty food retailers [4452],2018-07-01,2018,7,Dollars,681.0,Canada,Retail sales at 2017 constant prices (Unchained Laspeyres Index),4.930662557781207
Specialty food retailers [4452],2018-08-01,2018,8,Dollars,687.0,Canada,Retail sales at 2017 constant prices (Unchained Laspeyres Index),4.407294832826758
Specialty food retailers [4452],2018-09-01,2018,9,Dollars,695.0,Canada,Retail sales at 2017 constant prices (Unchained Laspeyres Index),4.511278195488733
Specialty food retailers [4452],2018-10-01,2018,10,Dollars,705.0,Canada,Retail sales at 2017 constant prices (Unchained Laspeyres Index),6.818181818181812
Specialty food retailers [4452],2018-11-01,2018,11,Dollars,694.0,Canada,Retail sales at 2017 constant prices (Unchained Laspeyres Index),5.31107738998482
Specialty food retailers [4452],2018-12-01,2018,12,Dollars,714.0,Canada,Retail sales at 2017 constant prices (Unchained Laspeyres Index),6.25
Specialty food retailers [4452],2019-01-01,2019,1,Dollars,705.0,Canada,Retail sales at 2017 constant prices (Unchained Laspeyres Index),5.067064083457518
Specialty food retailers [4452],2019-02-01,2019,2,Dollars,678.0,Canada,Retail sales at 2017 constant prices (Unchained Laspeyres Index),-1.1661807580174877
Specialty food retailers [4452],2019-03-01,2019,3,Dollars,679.0,Canada,Retail sales at 2017 constant prices (Unchained Laspeyres Index),-1.8786127167630062
Specialty food retailers [4452],2019-04-01,2019,4,Dollars,689.0,Canada,Retail sales at 2017 constant prices (Unchained Laspeyres Index),3.453453453453448
Specialty food retailers [4452],2019-05-01,2019,5,Dollars,679.0,Canada,Retail sales at 2017 constant prices (Unchained Laspeyres Index),-3.960396039603964
Specialty food retailers [4452],2019-06-01,2019,6,Dollars,684.0,Canada,Retail sales at 2017 constant prices (Unchained Laspeyres Index),-1.2987012987012991
Specialty food retailers [4452],2019-07-01,2019,7,Dollars,691.0,Canada,Retail sales at 2017 constant prices (Unchained Laspeyres Index),1.4684287812041008
Specialty food retailers [4452],2019-08-01,2019,8,Dollars,729.0,Canada,Retail sales at 2017 constant prices (Unchained Laspeyres Index),6.113537117903922
Specialty food retailers [4452],2019-09-01,2019,9,Dollars,688.0,Canada,Retail sales at 2017 constant prices (Unchained Laspeyres Index),-1.0071942446043147
Specialty food retailers [4452],2019-10-01,2019,10,Dollars,691.0,Canada,Retail sales at 2017 constant prices (Unchained Laspeyres Index),-1.9858156028368823
Specialty food retailers [4452],2019-11-01,2019,11,Dollars,700.0,Canada,Retail sales at 2017 constant prices (Unchained Laspeyres Index),0.8645533141210304
Specialty food retailers [4452],2019-12-01,2019,12,Dollars,694.0,Canada,Retail sales at 2017 constant prices (Unchained Laspeyres Index),-2.801120448179273
Specialty food retailers [4452],2020-01-01,2020,1,Dollars,683.0,Canada,Retail sales at 2017 constant prices (Unchained Laspeyres Index),-3.1205673758865293
Specialty food retailers [4452],2020-02-01,2020,2,Dollars,688.0,Canada,Retail sales at 2017 constant prices (Unchained Laspeyres Index),1.4749262536873253
Specialty food retailers [4452],2020-03-01,2020,3,Dollars,698.0,Canada,Retail sales at 2017 constant prices (Unchained Laspeyres Index),2.7982326951399017
Specialty food retailers [4452],2020-04-01,2020,4,Dollars,604.0,Canada,Retail sales at 2017 constant prices (Unchained Laspeyres Index),-12.33671988388969
Specialty food retailers [4452],2020-05-01,2020,5,Dollars,672.0,Canada,Retail sales at 2017 constant prices (Unchained Laspeyres Index),-1.0309278350515427
Specialty food retailers [4452],2020-06-01,2020,6,Dollars,703.0,Canada,Retail sales at 2017 constant prices (Unchained Laspeyres Index),2.777777777777768
Specialty food retailers [4452],2020-07-01,2020,7,Dollars,707.0,Canada,Retail sales at 2017 constant prices (Unchained Laspeyres Index),2.315484804630974
Specialty food retailers [4452],2020-08-01,2020,8,Dollars,704.0,Canada,Retail sales at 2017 constant prices (Unchained Laspeyres Index),-3.429355281207136
Specialty food retailers [4452],2020-09-01,2020,9,Dollars,694.0,Canada,Retail sales at 2017 constant prices (Unchained Laspeyres Index),0.8720930232558155
Specialty food retailers [4452],2020-10-01,2020,10,Dollars,701.0,Canada,Retail sales at 2017 constant prices (Unchained Laspeyres Index),1.447178002894356
Specialty food retailers [4452],2020-11-01,2020,11,Dollars,751.0,Canada,Retail sales at 2017 constant prices (Unchained Laspeyres Index),7.285714285714295
Specialty food retailers [4452],2020-12-01,2020,12,Dollars,745.0,Canada,Retail sales at 2017 constant prices (Unchained Laspeyres Index),7.348703170028825
Specialty food retailers [4452],2021-01-01,2021,1,Dollars,832.0,Canada,Retail sales at 2017 constant prices (Unchained Laspeyres Index),21.81551976573939
Specialty food retailers [4452],2021-02-01,2021,2,Dollars,774.0,Canada,Retail sales at 2017 constant prices (Unchained Laspeyres Index),12.5
Specialty food retailers [4452],2021-03-01,2021,3,Dollars,718.0,Canada,Retail sales at 2017 constant prices (Unchained Laspeyres Index),2.865329512893977
Specialty food retailers [4452],2021-04-01,2021,4,Dollars,728.0,Canada,Retail sales at 2017 constant prices (Unchained Laspeyres Index),20.529801324503303
Specialty food retailers [4452],2021-05-01,2021,5,Dollars,709.0,Canada,Retail sales at 2017 constant prices (Unchained Laspeyres Index),5.5059523809523725
Specialty food retailers [4452],2021-06-01,2021,6,Dollars,670.0,Canada,Retail sales at 2017 constant prices (Unchained Laspeyres Index),-4.694167852062591
Specialty food retailers [4452],2021-07-01,2021,7,Dollars,675.0,Canada,Retail sales at 2017 constant prices (Unchained Laspeyres Index),-4.526166902404527
Specialty food retailers [4452],2021-08-01,2021,8,Dollars,684.0,Canada,Retail sales at 2017 constant prices (Unchained Laspeyres Index),-2.840909090909094
Specialty food retailers [4452],2021-09-01,2021,9,Dollars,686.0,Canada,Retail sales at 2017 constant prices (Unchained Laspeyres Index),-1.1527377521613813
Specialty food retailers [4452],2021-10-01,2021,10,Dollars,687.0,Canada,Retail sales at 2017 constant prices (Unchained Laspeyres Index),-1.9971469329529201
Specialty food retailers [4452],2021-11-01,2021,11,Dollars,672.0,Canada,Retail sales at 2017 constant prices (Unchained Laspeyres Index),-10.519307589880157
Specialty food retailers [4452],2021-12-01,2021,12,Dollars,677.0,Canada,Retail sales at 2017 constant prices (Unchained Laspeyres Index),-9.127516778523493
Specialty food retailers [4452],2022-01-01,2022,1,Dollars,807.0,Canada,Retail sales at 2017 constant prices (Unchained Laspeyres Index),-3.004807692307687
Specialty food retailers [4452],2022-02-01,2022,2,Dollars,769.0,Canada,Retail sales at 2017 constant prices (Unchained Laspeyres Index),-0.6459948320413411
Specialty food retailers [4452],2022-03-01,2022,3,Dollars,752.0,Canada,Retail sales at 2017 constant prices (Unchained Laspeyres Index),4.73537604456824
Specialty food retailers [4452],2022-04-01,2022,4,Dollars,742.0,Canada,Retail sales at 2017 constant prices (Unchained Laspeyres Index),1.9230769230769162
Specialty food retailers [4452],2022-05-01,2022,5,Dollars,749.0,Canada,Retail sales at 2017 constant prices (Unchained Laspeyres Index),5.641748942172065
Specialty food retailers [4452],2022-06-01,2022,6,Dollars,758.0,Canada,Retail sales at 2017 constant prices (Unchained Laspeyres Index),13.134328358208958
Specialty food retailers [4452],2022-07-01,2022,7,Dollars,758.0,Canada,Retail sales at 2017 constant prices (Unchained Laspeyres Index),12.296296296296294
Specialty food retailers [4452],2022-08-01,2022,8,Dollars,738.0,Canada,Retail sales at 2017 constant prices (Unchained Laspeyres Index),7.8947368421052655
Specialty food retailers [4452],2022-09-01,2022,9,Dollars,734.0,Canada,Retail sales at 2017 constant prices (Unchained Laspeyres Index),6.997084548104948
Specialty food retailers [4452],2022-10-01,2022,10,Dollars,719.0,Canada,Retail sales at 2017 constant prices (Unchained Laspeyres Index),4.657933042212514
Specialty food retailers [4452],2022-11-01,2022,11,Dollars,692.0,Canada,Retail sales at 2017 constant prices (Unchained Laspeyres Index),2.9761904761904656
Specialty food retailers [4452],2022-12-01,2022,12,Dollars,643.0,Canada,Retail sales at 2017 constant prices (Unchained Laspeyres Index),-5.022156573116687
Specialty food retailers [4452],2023-01-01,2023,1,Dollars,660.0,Canada,Retail sales at 2017 constant prices (Unchained Laspeyres Index),-18.215613382899633
Specialty food retailers [4452],2023-02-01,2023,2,Dollars,673.0,Canada,Retail sales at 2017 constant prices (Unchained Laspeyres Index),-12.48374512353706
Specialty food retailers [4452],2023-03-01,2023,3,Dollars,692.0,Canada,Retail sales at 2017 constant prices (Unchained Laspeyres Index),-7.978723404255317
Specialty food retailers [4452],2023-04-01,2023,4,Dollars,714.0,Canada,Retail sales at 2017 constant prices (Unchained Laspeyres Index),-3.7735849056603765
Specialty food retailers [4452],2023-05-01,2023,5,Dollars,732.0,Canada,Retail sales at 2017 constant prices (Unchained Laspeyres Index),-2.2696929238985364
Specialty food retailers [4452],2023-06-01,2023,6,Dollars,726.0,Canada,Retail sales at 2017 constant prices (Unchained Laspeyres Index),-4.221635883905018
Specialty food retailers [4452],2023-07-01,2023,7,Dollars,712.0,Canada,Retail sales at 2017 constant prices (Unchained Laspeyres Index),-6.068601583113454
Specialty food retailers [4452],2023-08-01,2023,8,Dollars,726.0,Canada,Retail sales at 2017 constant prices (Unchained Laspeyres Index),-1.6260162601625994
Specialty food retailers [4452],2023-09-01,2023,9,Dollars,721.0,Canada,Retail sales at 2017 constant prices (Unchained Laspeyres Index),-1.7711171662125325
Specialty food retailers [4452],2023-10-01,2023,10,Dollars,663.0,Canada,Retail sales at 2017 constant prices (Unchained Laspeyres Index),-7.788595271210019
Specialty food retailers [4452],2023-11-01,2023,11,Dollars,700.0,Canada,Retail sales at 2017 constant prices (Unchained Laspeyres Index),1.1560693641618602
Specialty food retailers [4452],2023-12-01,2023,12,Dollars,692.0,Canada,Retail sales at 2017 constant prices (Unchained Laspeyres Index),7.620528771384127
Specialty food retailers [4452],2024-01-01,2024,1,Dollars,677.0,Canada,Retail sales at 2017 constant prices (Unchained Laspeyres Index),2.575757575757587
Specialty food retailers [4452],2024-02-01,2024,2,Dollars,652.0,Canada,Retail sales at 2017 constant prices (Unchained Laspeyres Index),-3.1203566121842496
Specialty food retailers [4452],2024-03-01,2024,3,Dollars,641.0,Canada,Retail sales at 2017 constant prices (Unchained Laspeyres Index),-7.369942196531786
Specialty food retailers [4452],2024-04-01,2024,4,Dollars,626.0,Canada,Retail sales at 2017 constant prices (Unchained Laspeyres Index),-12.324929971988796
Specialty food retailers [4452],2024-05-01,2024,5,Dollars,632.0,Canada,Retail sales at 2017 constant prices (Unchained Laspeyres Index),-13.661202185792353
Specialty food retailers [4452],2024-06-01,2024,6,Dollars,636.0,Canada,Retail sales at 2017 constant prices (Unchained Laspeyres Index),-12.396694214876035
Specialty food retailers [4452],2024-07-01,2024,7,Dollars,651.0,Canada,Retail sales at 2017 constant prices (Unchained Laspeyres Index),-8.56741573033708
Specialty food retailers [4452],2024-08-01,2024,8,Dollars,644.0,Canada,Retail sales at 2017 constant prices (Unchained Laspeyres Index),-11.29476584022039
Specialty food retailers [4452],2024-09-01,2024,9,Dollars,635.0,Canada,Retail sales at 2017 constant prices (Unchained Laspeyres Index),-11.927877947295418
Specialty food retailers [4452],2024-10-01,2024,10,Dollars,624.0,Canada,Retail sales at 2017 constant prices (Unchained Laspeyres Index),-5.882352941176472
Specialty food retailers [4452],2024-11-01,2024,11,Dollars,607.0,Canada,Retail sales at 2017 constant prices (Unchained Laspeyres Index),-13.28571428571429
Specialty food retailers [4452],2024-12-01,2024,12,Dollars,608.0,Canada,Retail sales at 2017 constant prices (Unchained Laspeyres Index),-12.138728323699421
Specialty food retailers [4452],2025-01-01,2025,1,Dollars,676.0,Canada,Retail sales at 2017 constant prices (Unchained Laspeyres Index),-0.1477104874446078
Specialty food retailers [4452],2025-02-01,2025,2,Dollars,688.0,Canada,Retail sales at 2017 constant prices (Unchained Laspeyres Index),5.521472392638027
Specialty food retailers [4452],2025-03-01,2025,3,Dollars,690.0,Canada,Retail sales at 2017 constant prices (Unchained Laspeyres Index),7.644305772230897
Specialty food retailers [4452],2025-04-01,2025,4,Dollars,670.0,Canada,Retail sales at 2017 constant prices (Unchained Laspeyres Index),7.028753993610226
Specialty food retailers [4452],2025-05-01,2025,5,Dollars,670.0,Canada,Retail sales at 2017 constant prices (Unchained Laspeyres Index),6.012658227848111
Specialty food retailers [4452],2025-06-01,2025,6,Dollars,675.0,Canada,Retail sales at 2017 constant prices (Unchained Laspeyres Index),6.132075471698117
Specialty food retailers [4452],2025-07-01,2025,7,Dollars,669.0,Canada,Retail sales at 2017 constant prices (Unchained Laspeyres Index),2.764976958525356
Specialty food retailers [4452],2025-08-01,2025,8,Dollars,669.0,Canada,Retail sales at 2017 constant prices (Unchained Laspeyres Index),3.881987577639756
Specialty food retailers [4452],2025-09-01,2025,9,Dollars,672.0,Canada,Retail sales at 2017 constant prices (Unchained Laspeyres Index),5.826771653543306
Specialty food retailers [4452],2025-10-01,2025,10,Dollars,678.0,Canada,Retail sales at 2017 constant prices (Unchained Laspeyres Index),8.653846153846146
Specialty food retailers [4452],2025-11-01,2025,11,Dollars,694.0,Canada,Retail sales at 2017 constant prices (Unchained Laspeyres Index),14.332784184514002
Specialty food retailers [4452],2025-12-01,2025,12,Dollars,688.0,Canada,Retail sales at 2017 constant prices (Unchained Laspeyres Index),13.157894736842103
Specialty food retailers [4452],2026-01-01,2026,1,Dollars,690.0,Canada,Retail sales at 2017 constant prices (Unchained Laspeyres Index),2.071005917159763
Specialty food retailers [4452],2026-02-01,2026,2,Dollars,683.0,Canada,Retail sales at 2017 constant prices (Unchained Laspeyres Index),-0.7267441860465129
Specialty food retailers [4452],2026-03-01,2026,3,Dollars,674.0,Canada,Retail sales at 2017 constant prices (Unchained Laspeyres Index),-2.3188405797101463
Supermarkets and other grocery retailers (except convenience retailers) [44511],2017-01-01,2017,1,Dollars,7019.0,Canada,Retail sales at 2017 constant prices (Unchained Laspeyres Index),
Supermarkets and other grocery retailers (except convenience retailers) [44511],2017-02-01,2017,2,Dollars,7052.0,Canada,Retail sales at 2017 constant prices (Unchained Laspeyres Index),
Supermarkets and other grocery retailers (except convenience retailers) [44511],2017-03-01,2017,3,Dollars,7024.0,Canada,Retail sales at 2017 constant prices (Unchained Laspeyres Index),
Supermarkets and other grocery retailers (except convenience retailers) [44511],2017-04-01,2017,4,Dollars,6975.0,Canada,Retail sales at 2017 constant prices (Unchained Laspeyres Index),
Supermarkets and other grocery retailers (except convenience retailers) [44511],2017-05-01,2017,5,Dollars,7068.0,Canada,Retail sales at 2017 constant prices (Unchained Laspeyres Index),
Supermarkets and other grocery retailers (except convenience retailers) [44511],2017-06-01,2017,6,Dollars,7053.0,Canada,Retail sales at 2017 constant prices (Unchained Laspeyres Index),
Supermarkets and other grocery retailers (except convenience retailers) [44511],2017-07-01,2017,7,Dollars,7061.0,Canada,Retail sales at 2017 constant prices (Unchained Laspeyres Index),
Supermarkets and other grocery retailers (except convenience retailers) [44511],2017-08-01,2017,8,Dollars,6957.0,Canada,Retail sales at 2017 constant prices (Unchained Laspeyres Index),
Supermarkets and other grocery retailers (except convenience retailers) [44511],2017-09-01,2017,9,Dollars,6908.0,Canada,Retail sales at 2017 constant prices (Unchained Laspeyres Index),
Supermarkets and other grocery retailers (except convenience retailers) [44511],2017-10-01,2017,10,Dollars,6981.0,Canada,Retail sales at 2017 constant prices (Unchained Laspeyres Index),
Supermarkets and other grocery retailers (except convenience retailers) [44511],2017-11-01,2017,11,Dollars,6892.0,Canada,Retail sales at 2017 constant prices (Unchained Laspeyres Index),
Supermarkets and other grocery retailers (except convenience retailers) [44511],2017-12-01,2017,12,Dollars,7020.0,Canada,Retail sales at 2017 constant prices (Unchained Laspeyres Index),
Supermarkets and other grocery retailers (except convenience retailers) [44511],2018-01-01,2018,1,Dollars,6921.0,Canada,Retail sales at 2017 constant prices (Unchained Laspeyres Index),-1.3962102863655845
Supermarkets and other grocery retailers (except convenience retailers) [44511],2018-02-01,2018,2,Dollars,6937.0,Canada,Retail sales at 2017 constant prices (Unchained Laspeyres Index),-1.6307430516165677
Supermarkets and other grocery retailers (except convenience retailers) [44511],2018-03-01,2018,3,Dollars,6988.0,Canada,Retail sales at 2017 constant prices (Unchained Laspeyres Index),-0.5125284738040969
Supermarkets and other grocery retailers (except convenience retailers) [44511],2018-04-01,2018,4,Dollars,7058.0,Canada,Retail sales at 2017 constant prices (Unchained Laspeyres Index),1.1899641577060915
Supermarkets and other grocery retailers (except convenience retailers) [44511],2018-05-01,2018,5,Dollars,7137.0,Canada,Retail sales at 2017 constant prices (Unchained Laspeyres Index),0.9762308998302105
Supermarkets and other grocery retailers (except convenience retailers) [44511],2018-06-01,2018,6,Dollars,7168.0,Canada,Retail sales at 2017 constant prices (Unchained Laspeyres Index),1.6305118389337903
Supermarkets and other grocery retailers (except convenience retailers) [44511],2018-07-01,2018,7,Dollars,7192.0,Canada,Retail sales at 2017 constant prices (Unchained Laspeyres Index),1.8552612944342073
Supermarkets and other grocery retailers (except convenience retailers) [44511],2018-08-01,2018,8,Dollars,7233.0,Canada,Retail sales at 2017 constant prices (Unchained Laspeyres Index),3.9672272531263486
Supermarkets and other grocery retailers (except convenience retailers) [44511],2018-09-01,2018,9,Dollars,7437.0,Canada,Retail sales at 2017 constant prices (Unchained Laspeyres Index),7.6577880718008196
Supermarkets and other grocery retailers (except convenience retailers) [44511],2018-10-01,2018,10,Dollars,7234.0,Canada,Retail sales at 2017 constant prices (Unchained Laspeyres Index),3.6241226185360187
Supermarkets and other grocery retailers (except convenience retailers) [44511],2018-11-01,2018,11,Dollars,7044.0,Canada,Retail sales at 2017 constant prices (Unchained Laspeyres Index),2.2054556006964487
Supermarkets and other grocery retailers (except convenience retailers) [44511],2018-12-01,2018,12,Dollars,7057.0,Canada,Retail sales at 2017 constant prices (Unchained Laspeyres Index),0.5270655270655178
Supermarkets and other grocery retailers (except convenience retailers) [44511],2019-01-01,2019,1,Dollars,7129.0,Canada,Retail sales at 2017 constant prices (Unchained Laspeyres Index),3.005346048258928
Supermarkets and other grocery retailers (except convenience retailers) [44511],2019-02-01,2019,2,Dollars,7232.0,Canada,Retail sales at 2017 constant prices (Unchained Laspeyres Index),4.2525587429724565
Supermarkets and other grocery retailers (except convenience retailers) [44511],2019-03-01,2019,3,Dollars,7157.0,Canada,Retail sales at 2017 constant prices (Unchained Laspeyres Index),2.4184315970234627
Supermarkets and other grocery retailers (except convenience retailers) [44511],2019-04-01,2019,4,Dollars,7253.0,Canada,Retail sales at 2017 constant prices (Unchained Laspeyres Index),2.7628223292717413
Supermarkets and other grocery retailers (except convenience retailers) [44511],2019-05-01,2019,5,Dollars,7083.0,Canada,Retail sales at 2017 constant prices (Unchained Laspeyres Index),-0.7566204287515754
Supermarkets and other grocery retailers (except convenience retailers) [44511],2019-06-01,2019,6,Dollars,7105.0,Canada,Retail sales at 2017 constant prices (Unchained Laspeyres Index),-0.87890625
Supermarkets and other grocery retailers (except convenience retailers) [44511],2019-07-01,2019,7,Dollars,7202.0,Canada,Retail sales at 2017 constant prices (Unchained Laspeyres Index),0.13904338153503115
Supermarkets and other grocery retailers (except convenience retailers) [44511],2019-08-01,2019,8,Dollars,7104.0,Canada,Retail sales at 2017 constant prices (Unchained Laspeyres Index),-1.7834923268353342
Supermarkets and other grocery retailers (except convenience retailers) [44511],2019-09-01,2019,9,Dollars,7163.0,Canada,Retail sales at 2017 constant prices (Unchained Laspeyres Index),-3.684281296221592
Supermarkets and other grocery retailers (except convenience retailers) [44511],2019-10-01,2019,10,Dollars,7156.0,Canada,Retail sales at 2017 constant prices (Unchained Laspeyres Index),-1.0782416367155045
Supermarkets and other grocery retailers (except convenience retailers) [44511],2019-11-01,2019,11,Dollars,7103.0,Canada,Retail sales at 2017 constant prices (Unchained Laspeyres Index),0.8375922771152844
Supermarkets and other grocery retailers (except convenience retailers) [44511],2019-12-01,2019,12,Dollars,7272.0,Canada,Retail sales at 2017 constant prices (Unchained Laspeyres Index),3.0466203769307088
Supermarkets and other grocery retailers (except convenience retailers) [44511],2020-01-01,2020,1,Dollars,7147.0,Canada,Retail sales at 2017 constant prices (Unchained Laspeyres Index),0.25248983027073013
Supermarkets and other grocery retailers (except convenience retailers) [44511],2020-02-01,2020,2,Dollars,7157.0,Canada,Retail sales at 2017 constant prices (Unchained Laspeyres Index),-1.0370575221238965
Supermarkets and other grocery retailers (except convenience retailers) [44511],2020-03-01,2020,3,Dollars,9162.0,Canada,Retail sales at 2017 constant prices (Unchained Laspeyres Index),28.014531228168238
Supermarkets and other grocery retailers (except convenience retailers) [44511],2020-04-01,2020,4,Dollars,8173.0,Canada,Retail sales at 2017 constant prices (Unchained Laspeyres Index),12.684406452502417
Supermarkets and other grocery retailers (except convenience retailers) [44511],2020-05-01,2020,5,Dollars,7770.0,Canada,Retail sales at 2017 constant prices (Unchained Laspeyres Index),9.699279966116059
Supermarkets and other grocery retailers (except convenience retailers) [44511],2020-06-01,2020,6,Dollars,7871.0,Canada,Retail sales at 2017 constant prices (Unchained Laspeyres Index),10.781140042223791
Supermarkets and other grocery retailers (except convenience retailers) [44511],2020-07-01,2020,7,Dollars,7734.0,Canada,Retail sales at 2017 constant prices (Unchained Laspeyres Index),7.386836989725087
Supermarkets and other grocery retailers (except convenience retailers) [44511],2020-08-01,2020,8,Dollars,7760.0,Canada,Retail sales at 2017 constant prices (Unchained Laspeyres Index),9.23423423423424
Supermarkets and other grocery retailers (except convenience retailers) [44511],2020-09-01,2020,9,Dollars,7836.0,Canada,Retail sales at 2017 constant prices (Unchained Laspeyres Index),9.395504676811385
Supermarkets and other grocery retailers (except convenience retailers) [44511],2020-10-01,2020,10,Dollars,7848.0,Canada,Retail sales at 2017 constant prices (Unchained Laspeyres Index),9.67020681945221
Supermarkets and other grocery retailers (except convenience retailers) [44511],2020-11-01,2020,11,Dollars,8084.0,Canada,Retail sales at 2017 constant prices (Unchained Laspeyres Index),13.811065746867524
Supermarkets and other grocery retailers (except convenience retailers) [44511],2020-12-01,2020,12,Dollars,7974.0,Canada,Retail sales at 2017 constant prices (Unchained Laspeyres Index),9.653465346534663
Supermarkets and other grocery retailers (except convenience retailers) [44511],2021-01-01,2021,1,Dollars,8147.0,Canada,Retail sales at 2017 constant prices (Unchained Laspeyres Index),13.991884706870007
Supermarkets and other grocery retailers (except convenience retailers) [44511],2021-02-01,2021,2,Dollars,8059.0,Canada,Retail sales at 2017 constant prices (Unchained Laspeyres Index),12.603045968981409
Supermarkets and other grocery retailers (except convenience retailers) [44511],2021-03-01,2021,3,Dollars,7877.0,Canada,Retail sales at 2017 constant prices (Unchained Laspeyres Index),-14.025321982099982
Supermarkets and other grocery retailers (except convenience retailers) [44511],2021-04-01,2021,4,Dollars,7957.0,Canada,Retail sales at 2017 constant prices (Unchained Laspeyres Index),-2.6428484032790855
Supermarkets and other grocery retailers (except convenience retailers) [44511],2021-05-01,2021,5,Dollars,7958.0,Canada,Retail sales at 2017 constant prices (Unchained Laspeyres Index),2.4195624195624266
Supermarkets and other grocery retailers (except convenience retailers) [44511],2021-06-01,2021,6,Dollars,7683.0,Canada,Retail sales at 2017 constant prices (Unchained Laspeyres Index),-2.3885148011688506
Supermarkets and other grocery retailers (except convenience retailers) [44511],2021-07-01,2021,7,Dollars,7413.0,Canada,Retail sales at 2017 constant prices (Unchained Laspeyres Index),-4.150504266873545
Supermarkets and other grocery retailers (except convenience retailers) [44511],2021-08-01,2021,8,Dollars,7585.0,Canada,Retail sales at 2017 constant prices (Unchained Laspeyres Index),-2.255154639175261
Supermarkets and other grocery retailers (except convenience retailers) [44511],2021-09-01,2021,9,Dollars,7575.0,Canada,Retail sales at 2017 constant prices (Unchained Laspeyres Index),-3.330781010719752
Supermarkets and other grocery retailers (except convenience retailers) [44511],2021-10-01,2021,10,Dollars,7448.0,Canada,Retail sales at 2017 constant prices (Unchained Laspeyres Index),-5.096839959225285
Supermarkets and other grocery retailers (except convenience retailers) [44511],2021-11-01,2021,11,Dollars,7583.0,Canada,Retail sales at 2017 constant prices (Unchained Laspeyres Index),-6.197427016328549
Supermarkets and other grocery retailers (except convenience retailers) [44511],2021-12-01,2021,12,Dollars,7418.0,Canada,Retail sales at 2017 constant prices (Unchained Laspeyres Index),-6.972661148733383
Supermarkets and other grocery retailers (except convenience retailers) [44511],2022-01-01,2022,1,Dollars,7467.0,Canada,Retail sales at 2017 constant prices (Unchained Laspeyres Index),-8.346630661593224
Supermarkets and other grocery retailers (except convenience retailers) [44511],2022-02-01,2022,2,Dollars,7296.0,Canada,Retail sales at 2017 constant prices (Unchained Laspeyres Index),-9.467675890308968
Supermarkets and other grocery retailers (except convenience retailers) [44511],2022-03-01,2022,3,Dollars,7345.0,Canada,Retail sales at 2017 constant prices (Unchained Laspeyres Index),-6.753840294528368
Supermarkets and other grocery retailers (except convenience retailers) [44511],2022-04-01,2022,4,Dollars,7258.0,Canada,Retail sales at 2017 constant prices (Unchained Laspeyres Index),-8.784717858489376
Supermarkets and other grocery retailers (except convenience retailers) [44511],2022-05-01,2022,5,Dollars,7295.0,Canada,Retail sales at 2017 constant prices (Unchained Laspeyres Index),-8.331239004775071
Supermarkets and other grocery retailers (except convenience retailers) [44511],2022-06-01,2022,6,Dollars,7214.0,Canada,Retail sales at 2017 constant prices (Unchained Laspeyres Index),-6.104386307431997
Supermarkets and other grocery retailers (except convenience retailers) [44511],2022-07-01,2022,7,Dollars,7108.0,Canada,Retail sales at 2017 constant prices (Unchained Laspeyres Index),-4.114393632807234
Supermarkets and other grocery retailers (except convenience retailers) [44511],2022-08-01,2022,8,Dollars,7266.0,Canada,Retail sales at 2017 constant prices (Unchained Laspeyres Index),-4.205669083717867
Supermarkets and other grocery retailers (except convenience retailers) [44511],2022-09-01,2022,9,Dollars,7074.0,Canada,Retail sales at 2017 constant prices (Unchained Laspeyres Index),-6.613861386138609
Supermarkets and other grocery retailers (except convenience retailers) [44511],2022-10-01,2022,10,Dollars,7143.0,Canada,Retail sales at 2017 constant prices (Unchained Laspeyres Index),-4.095059076262086
Supermarkets and other grocery retailers (except convenience retailers) [44511],2022-11-01,2022,11,Dollars,7108.0,Canada,Retail sales at 2017 constant prices (Unchained Laspeyres Index),-6.264011604905706
Supermarkets and other grocery retailers (except convenience retailers) [44511],2022-12-01,2022,12,Dollars,7025.0,Canada,Retail sales at 2017 constant prices (Unchained Laspeyres Index),-5.297923968724727
Supermarkets and other grocery retailers (except convenience retailers) [44511],2023-01-01,2023,1,Dollars,7069.0,Canada,Retail sales at 2017 constant prices (Unchained Laspeyres Index),-5.33011919110754
Supermarkets and other grocery retailers (except convenience retailers) [44511],2023-02-01,2023,2,Dollars,7084.0,Canada,Retail sales at 2017 constant prices (Unchained Laspeyres Index),-2.90570175438597
Supermarkets and other grocery retailers (except convenience retailers) [44511],2023-03-01,2023,3,Dollars,7153.0,Canada,Retail sales at 2017 constant prices (Unchained Laspeyres Index),-2.614023144996591
Supermarkets and other grocery retailers (except convenience retailers) [44511],2023-04-01,2023,4,Dollars,7153.0,Canada,Retail sales at 2017 constant prices (Unchained Laspeyres Index),-1.4466795260402288
Supermarkets and other grocery retailers (except convenience retailers) [44511],2023-05-01,2023,5,Dollars,7311.0,Canada,Retail sales at 2017 constant prices (Unchained Laspeyres Index),0.2193283070596408
Supermarkets and other grocery retailers (except convenience retailers) [44511],2023-06-01,2023,6,Dollars,7208.0,Canada,Retail sales at 2017 constant prices (Unchained Laspeyres Index),-0.0831716107568603
Supermarkets and other grocery retailers (except convenience retailers) [44511],2023-07-01,2023,7,Dollars,7274.0,Canada,Retail sales at 2017 constant prices (Unchained Laspeyres Index),2.3353967360720373
Supermarkets and other grocery retailers (except convenience retailers) [44511],2023-08-01,2023,8,Dollars,7188.0,Canada,Retail sales at 2017 constant prices (Unchained Laspeyres Index),-1.073492981007429
Supermarkets and other grocery retailers (except convenience retailers) [44511],2023-09-01,2023,9,Dollars,7074.0,Canada,Retail sales at 2017 constant prices (Unchained Laspeyres Index),0.0
Supermarkets and other grocery retailers (except convenience retailers) [44511],2023-10-01,2023,10,Dollars,7131.0,Canada,Retail sales at 2017 constant prices (Unchained Laspeyres Index),-0.16799664006720283
Supermarkets and other grocery retailers (except convenience retailers) [44511],2023-11-01,2023,11,Dollars,7027.0,Canada,Retail sales at 2017 constant prices (Unchained Laspeyres Index),-1.1395610579628568
Supermarkets and other grocery retailers (except convenience retailers) [44511],2023-12-01,2023,12,Dollars,7044.0,Canada,Retail sales at 2017 constant prices (Unchained Laspeyres Index),0.2704626334519622
Supermarkets and other grocery retailers (except convenience retailers) [44511],2024-01-01,2024,1,Dollars,7048.0,Canada,Retail sales at 2017 constant prices (Unchained Laspeyres Index),-0.29707172160136075
Supermarkets and other grocery retailers (except convenience retailers) [44511],2024-02-01,2024,2,Dollars,6942.0,Canada,Retail sales at 2017 constant prices (Unchained Laspeyres Index),-2.0045172219085305
Supermarkets and other grocery retailers (except convenience retailers) [44511],2024-03-01,2024,3,Dollars,6846.0,Canada,Retail sales at 2017 constant prices (Unchained Laspeyres Index),-4.291905494198234
Supermarkets and other grocery retailers (except convenience retailers) [44511],2024-04-01,2024,4,Dollars,6934.0,Canada,Retail sales at 2017 constant prices (Unchained Laspeyres Index),-3.061652453516006
Supermarkets and other grocery retailers (except convenience retailers) [44511],2024-05-01,2024,5,Dollars,6804.0,Canada,Retail sales at 2017 constant prices (Unchained Laspeyres Index),-6.934755847353302
Supermarkets and other grocery retailers (except convenience retailers) [44511],2024-06-01,2024,6,Dollars,6893.0,Canada,Retail sales at 2017 constant prices (Unchained Laspeyres Index),-4.370144284128741
Supermarkets and other grocery retailers (except convenience retailers) [44511],2024-07-01,2024,7,Dollars,6912.0,Canada,Retail sales at 2017 constant prices (Unchained Laspeyres Index),-4.9766290899092684
Supermarkets and other grocery retailers (except convenience retailers) [44511],2024-08-01,2024,8,Dollars,6852.0,Canada,Retail sales at 2017 constant prices (Unchained Laspeyres Index),-4.6744574290484175
Supermarkets and other grocery retailers (except convenience retailers) [44511],2024-09-01,2024,9,Dollars,7044.0,Canada,Retail sales at 2017 constant prices (Unchained Laspeyres Index),-0.42408821034775057
Supermarkets and other grocery retailers (except convenience retailers) [44511],2024-10-01,2024,10,Dollars,7014.0,Canada,Retail sales at 2017 constant prices (Unchained Laspeyres Index),-1.6407236011779514
Supermarkets and other grocery retailers (except convenience retailers) [44511],2024-11-01,2024,11,Dollars,6882.0,Canada,Retail sales at 2017 constant prices (Unchained Laspeyres Index),-2.0634694748825955
Supermarkets and other grocery retailers (except convenience retailers) [44511],2024-12-01,2024,12,Dollars,7086.0,Canada,Retail sales at 2017 constant prices (Unchained Laspeyres Index),0.596252129471897
Supermarkets and other grocery retailers (except convenience retailers) [44511],2025-01-01,2025,1,Dollars,6999.0,Canada,Retail sales at 2017 constant prices (Unchained Laspeyres Index),-0.6952326901248584
Supermarkets and other grocery retailers (except convenience retailers) [44511],2025-02-01,2025,2,Dollars,7156.0,Canada,Retail sales at 2017 constant prices (Unchained Laspeyres Index),3.0826851051570126
Supermarkets and other grocery retailers (except convenience retailers) [44511],2025-03-01,2025,3,Dollars,7173.0,Canada,Retail sales at 2017 constant prices (Unchained Laspeyres Index),4.77651183172656
Supermarkets and other grocery retailers (except convenience retailers) [44511],2025-04-01,2025,4,Dollars,7125.0,Canada,Retail sales at 2017 constant prices (Unchained Laspeyres Index),2.7545428324199595
Supermarkets and other grocery retailers (except convenience retailers) [44511],2025-05-01,2025,5,Dollars,7039.0,Canada,Retail sales at 2017 constant prices (Unchained Laspeyres Index),3.4538506760728893
Supermarkets and other grocery retailers (except convenience retailers) [44511],2025-06-01,2025,6,Dollars,7151.0,Canada,Retail sales at 2017 constant prices (Unchained Laspeyres Index),3.742927607717972
Supermarkets and other grocery retailers (except convenience retailers) [44511],2025-07-01,2025,7,Dollars,6982.0,Canada,Retail sales at 2017 constant prices (Unchained Laspeyres Index),1.012731481481488
Supermarkets and other grocery retailers (except convenience retailers) [44511],2025-08-01,2025,8,Dollars,7051.0,Canada,Retail sales at 2017 constant prices (Unchained Laspeyres Index),2.9042615294804452
Supermarkets and other grocery retailers (except convenience retailers) [44511],2025-09-01,2025,9,Dollars,7012.0,Canada,Retail sales at 2017 constant prices (Unchained Laspeyres Index),-0.4542873367404887
Supermarkets and other grocery retailers (except convenience retailers) [44511],2025-10-01,2025,10,Dollars,6955.0,Canada,Retail sales at 2017 constant prices (Unchained Laspeyres Index),-0.8411747932706048
Supermarkets and other grocery retailers (except convenience retailers) [44511],2025-11-01,2025,11,Dollars,7015.0,Canada,Retail sales at 2017 constant prices (Unchained Laspeyres Index),1.9325777390293508
Supermarkets and other grocery retailers (except convenience retailers) [44511],2025-12-01,2025,12,Dollars,6977.0,Canada,Retail sales at 2017 constant prices (Unchained Laspeyres Index),-1.5382444256279992
Supermarkets and other grocery retailers (except convenience retailers) [44511],2026-01-01,2026,1,Dollars,6969.0,Canada,Retail sales at 2017 constant prices (Unchained Laspeyres Index),-0.4286326618088254
Supermarkets and other grocery retailers (except convenience retailers) [44511],2026-02-01,2026,2,Dollars,7083.0,Canada,Retail sales at 2017 constant prices (Unchained Laspeyres Index),-1.0201229737283435
Supermarkets and other grocery retailers (except convenience retailers) [44511],2026-03-01,2026,3,Dollars,7126.0,Canada,Retail sales at 2017 constant prices (Unchained Laspeyres Index),-0.6552349086853426
